,Ticker,Company,Sector,Industry,Business Activity,Country,Size,IPO Date
0,TSLA,Tesla Inc,Consumer Cyclicals,Automobiles & Auto Parts,Electric (Alternative) Vehicles,United States of America,Large Cap >10B,2010-06-29
1,ROKU,Roku Inc,Consumer Cyclicals,Media & Publishing,Entertainment Production Equipment & Services,United States of America,Large Cap >10B,2017-09-28
2,CRSP,CRISPR Therapeutics AG,Healthcare,Biotechnology & Medical Research,Biotechnology & Medical Research (NEC),Switzerland,Large Cap >10B,
3,SQ,Square Inc,Industrials,Professional & Commercial Services,Transaction & Payment Services,United States of America,Large Cap >10B,2015-11-19
4,TDOC,Teladoc Health Inc,Healthcare,Healthcare Providers & Services,Telemedicine Services,United States of America,Large Cap >10B,2015-07-01
5,NVTA,Invitae Corp,Healthcare,Biotechnology & Medical Research,Bio Diagnostics & Testing,United States of America,Mid Cap 2-10B,2015-02-12
6,Z,Zillow Group Inc,Real Estate,Real Estate Operations,Real Estate Services (NEC),United States of America,Large Cap >10B,2011-07-20
7,PSTG,Pure Storage Inc,Technology,"Computers, Phones & Household Electronics",Storage Devices,United States of America,Mid Cap 2-10B,2015-10-07
8,PRLB,Proto Labs Inc,Industrials,"Machinery, Tools, Heavy Vehicles, Trains & Ships",Industrial Machinery & Equipment (NEC),United States of America,Mid Cap 2-10B,2012-02-24
9,SPOT,Spotify Technology SA,Technology,Software & IT Services,Online Services (NEC),Luxembourg,Large Cap >10B,2018-04-03
10,EDIT,Editas Medicine Inc,Healthcare,Biotechnology & Medical Research,Biotechnology & Medical Research (NEC),United States of America,Mid Cap 2-10B,2016-02-03
11,IOVA,Iovance Biotherapeutics Inc,Healthcare,Biotechnology & Medical Research,Bio Diagnostics & Testing,United States of America,Mid Cap 2-10B,2008-06-20
12,TWLO,Twilio Inc,Technology,Software & IT Services,Application Software,United States of America,Large Cap >10B,2016-06-23
13,BIDU,Baidu Inc,Technology,Software & IT Services,Search Engines,China,Large Cap >10B,2005-08-05
14,EXAS,Exact Sciences Corp,Healthcare,Biotechnology & Medical Research,Bio Diagnostics & Testing,United States of America,Large Cap >10B,2001-01-30
15,NTLA,Intellia Therapeutics Inc,Healthcare,Biotechnology & Medical Research,Biotechnology & Medical Research (NEC),United States of America,Mid Cap 2-10B,2016-05-06
16,PYPL,PayPal Holdings Inc,Technology,Software & IT Services,Internet Security & Transactions Services,United States of America,Large Cap >10B,2015-07-06
17,TWST,Twist Bioscience Corp,Healthcare,Pharmaceuticals,Biopharmaceuticals,United States of America,Mid Cap 2-10B,2018-10-31
18,SHOP,Shopify Inc,Technology,Software & IT Services,E-commerce & Auction Services,Canada,Large Cap >10B,2015-05-21
19,DOCU,DocuSign Inc,Technology,Software & IT Services,Enterprise Software,United States of America,Large Cap >10B,2018-04-27
20,TREE,LendingTree Inc,Financials,Banking Services,Consumer Lending (NEC),United States of America,Mid Cap 2-10B,2000-02-16
21,MTLS,Materialise NV,Technology,Software & IT Services,System Software,Belgium,Mid Cap 2-10B,2014-06-25
22,TWOU,2U Inc,Technology,Software & IT Services,IT Services & Consulting (NEC),United States of America,Mid Cap 2-10B,2014-03-28
23,PD,PagerDuty Inc,Technology,Software & IT Services,Application Software,United States of America,Mid Cap 2-10B,2019-04-11
24,ICE,Intercontinental Exchange Inc,Financials,Investment Banking & Investment Services,Financial & Commodity Market Operators & Service Providers (NEC),United States of America,Large Cap >10B,2005-11-16
25,TSM,Taiwan Semiconductor Manufacturing Co Ltd,Technology,Semiconductors & Semiconductor Equipment,Semiconductors (NEC),Taiwan,Large Cap >10B,1994-09-05
26,BEKE,Ke Holdings Inc,Real Estate,Real Estate Operations,Real Estate Services (NEC),China,Large Cap >10B,2020-08-13
27,NTDOY,Nintendo Co Ltd,Consumer Cyclicals,Leisure Products,"Games, Toys & Children's Vehicles",Japan,Large Cap >10B,1962-01-01
28,VCYT,Veracyte Inc,Healthcare,Biotechnology & Medical Research,Bio Diagnostics & Testing,United States of America,Mid Cap 2-10B,2013-10-30
29,U,Unity Software Inc,Technology,Software & IT Services,Software (NEC),United States of America,Large Cap >10B,2020-09-18
30,ZM,Zoom Video Communications Inc,Technology,Software & IT Services,Software (NEC),United States of America,Large Cap >10B,2019-04-18
31,MCRB,Seres Therapeutics Inc,Healthcare,Biotechnology & Medical Research,Bio Therapeutic Drugs,United States of America,Mid Cap 2-10B,2015-06-26
32,PACB,Pacific Biosciences of California Inc,Healthcare,Healthcare Equipment & Supplies,Advanced Medical Equipment & Technology (NEC),United States of America,Mid Cap 2-10B,2010-10-27
33,TCEHY,Tencent Holdings Ltd,Technology,Software & IT Services,Online Services (NEC),China,Large Cap >10B,2004-06-16
34,IRDM,Iridium Communications Inc,Technology,Telecommunications Services,Satellite Service Operators,United States of America,Mid Cap 2-10B,2008-02-15
35,SPLK,Splunk Inc,Technology,Software & IT Services,Software (NEC),United States of America,Large Cap >10B,2012-04-19
36,SNPS,Synopsys Inc,Technology,Software & IT Services,Software (NEC),United States of America,Large Cap >10B,1992-02-26
37,SE,Sea Ltd,Technology,Software & IT Services,Software (NEC),Singapore,Large Cap >10B,2017-10-20
38,NSTG,NanoString Technologies Inc,Healthcare,Healthcare Equipment & Supplies,"Medical Equipment, Supplies & Distribution (NEC)",United States of America,Mid Cap 2-10B,2013-06-26
39,PINS,Pinterest Inc,Technology,Software & IT Services,Online Services (NEC),United States of America,Large Cap >10B,2019-04-18
40,SSYS,Stratasys Ltd,Technology,Electronic Equipment & Parts,Electronic Equipment & Parts (NEC),United States of America,Mid Cap 2-10B,2012-12-03
41,CERS,Cerus Corp,Healthcare,Healthcare Equipment & Supplies,Medical Devices & Implants,United States of America,Small Cap 300M-2B,1997-01-31
42,CGEN,Compugen Ltd,Healthcare,Biotechnology & Medical Research,Biotechnology & Medical Research (NEC),Israel,Small Cap 300M-2B,2000-08-01
43,HUYA,HUYA Inc,Technology,Software & IT Services,Online Services (NEC),China,Mid Cap 2-10B,2018-05-11
44,SYRS,Syros Pharmaceuticals Inc,Healthcare,Pharmaceuticals,Biopharmaceuticals,United States of America,Small Cap 300M-2B,2016-06-30
46,ONVO,Organovo Holdings Inc,Healthcare,Biotechnology & Medical Research,Biotechnology & Medical Research (NEC),United States of America,Micro cap,2013-08-02
47,XONE,ExOne Co,Industrials,"Machinery, Tools, Heavy Vehicles, Trains & Ships",Industrial Machinery & Equipment (NEC),United States of America,Small Cap 300M-2B,2013-02-06
48,GBTC,Grayscale Bitcoin Trust (Btc),Financials,Collective Investments,UK Investment Trusts,United States of America,Large Cap >10B,2015-02-25
49,FB,Facebook Inc,Technology,Software & IT Services,Social Media & Networking,United States of America,Large Cap >10B,2012-05-18
50,SNAP,Snap Inc,Technology,Software & IT Services,Mobile Application Software,United States of America,Large Cap >10B,2017-03-02
51,NFLX,Netflix Inc,Technology,Software & IT Services,Online Services (NEC),United States of America,Large Cap >10B,2002-05-29
52,FSLY,Fastly Inc,Technology,Software & IT Services,IT Services & Consulting (NEC),United States of America,Large Cap >10B,2019-05-17
53,MELI,Mercadolibre Inc,Technology,Software & IT Services,E-commerce & Auction Services,Argentina,Large Cap >10B,2007-08-10
54,OPEN,Opendoor Technologies Inc,Real Estate,Real Estate Operations,Residential Real Estate Services,United States of America,Large Cap >10B,2020-12-18
55,PTON,Peloton Interactive Inc,Consumer Cyclicals,Leisure Products,Sporting & Outdoor Goods,United States of America,Large Cap >10B,2019-09-26
56,BABA,Alibaba Group Holding Ltd,Technology,Software & IT Services,E-commerce & Auction Services,China,Large Cap >10B,2014-09-19
57,TTD,Trade Desk Inc,Technology,Software & IT Services,Online Services (NEC),United States of America,Large Cap >10B,2016-09-21
58,API,Agora Inc,Technology,Software & IT Services,Software (NEC),China,Mid Cap 2-10B,2020-06-25
59,JD,JD.Com Inc,Consumer Cyclicals,Diversified Retail,Internet & Mail Order Department Stores,China,Large Cap >10B,2014-05-22
60,HUBS,HubSpot Inc,Technology,Software & IT Services,Enterprise Software,United States of America,Large Cap >10B,2014-10-09
61,AAPL,Apple Inc,Technology,"Computers, Phones & Household Electronics",Phones & Smart Phones,United States of America,Large Cap >10B,1980-12-12
62,NET,Cloudflare Inc,Technology,Software & IT Services,Cloud Computing Services,United States of America,Large Cap >10B,2019-09-13
63,CRWD,CrowdStrike Holdings Inc,Technology,Software & IT Services,IT Services & Consulting (NEC),United States of America,Large Cap >10B,2019-06-12
64,NVDA,NVIDIA Corp,Technology,Semiconductors & Semiconductor Equipment,Semiconductors (NEC),United States of America,Large Cap >10B,1999-01-22
65,ADBE,Adobe Inc,Technology,Software & IT Services,Application Software,United States of America,Large Cap >10B,1986-01-08
66,ADYEY,Adyen NV,Technology,Financial Technology (Fintech) & Infrastructure,Financial Technology (Fintech) (NEC),Netherlands,Large Cap >10B,2018-06-13
67,TEAM,Atlassian Corporation PLC,Technology,Software & IT Services,Software (NEC),United Kingdom,Large Cap >10B,2015-12-09
68,CRM,Salesforce.Com Inc,Technology,Software & IT Services,Cloud Computing Services,United States of America,Large Cap >10B,2004-06-23
69,LC,LendingClub Corp,Financials,Banking Services,Consumer Lending (NEC),United States of America,Small Cap 300M-2B,2014-10-22
70,OKTA,Okta Inc,Technology,Software & IT Services,Software (NEC),United States of America,Large Cap >10B,2017-04-07
71,NNDM,Nano Dimension Ltd,Technology,Electronic Equipment & Parts,Electronic Equipment & Parts (NEC),Israel,Mid Cap 2-10B,1977-01-01
72,PLTR,Palantir Technologies Inc,Technology,Software & IT Services,Software (NEC),United States of America,Large Cap >10B,2020-09-23
73,SNOW,Snowflake Inc.,Technology,Software & IT Services,IT Services & Consulting (NEC),United States of America,Large Cap >10B,2020-09-16
74,VUZI,Vuzix Corp,Technology,Electronic Equipment & Parts,Electronic Equipment & Parts (NEC),United States of America,Small Cap 300M-2B,2009-12-23
75,DDD,3D Systems Corp,Technology,"Computers, Phones & Household Electronics",Consumer Document Management,United States of America,Mid Cap 2-10B,2011-03-26
76,SOL,ReneSola Ltd,Industrials,Construction & Engineering,Electric Power Plant Construction,China,Small Cap 300M-2B,2008-01-29
77,BLNK,Blink Charging Co,Utilities,Electric Utilities & IPPs,Electric Utilities (NEC),United States of America,Mid Cap 2-10B,2008-05-22
78,PLUG,Plug Power Inc,Energy,Renewable Energy,Stationary Fuel Cells,United States of America,Large Cap >10B,1999-10-28
79,RIOT,Riot Blockchain Inc,Technology,Financial Technology (Fintech) & Infrastructure,Financial Technology (Fintech) (NEC),United States of America,Small Cap 300M-2B,2003-01-23
80,GM,General Motors Co,Consumer Cyclicals,Automobiles & Auto Parts,Auto & Truck Manufacturers (NEC),United States of America,Large Cap >10B,2010-11-18
81,AMBA,Ambarella Inc,Technology,Semiconductors & Semiconductor Equipment,Semiconductors (NEC),United States of America,Mid Cap 2-10B,2012-10-10
82,FCEL,Fuelcell Energy Inc,Energy,Renewable Energy,Renewable Energy Equipment & Services (NEC),United States of America,Mid Cap 2-10B,1992-06-25
83,STM,STMicroelectronics NV,Technology,Semiconductors & Semiconductor Equipment,Semiconductors (NEC),Switzerland,Large Cap >10B,2000-07-18
84,BLDP,Ballard Power Systems Inc,Energy,Renewable Energy,Stationary Fuel Cells,Canada,Mid Cap 2-10B,1993-06-15
85,VC,Visteon Corp,Consumer Cyclicals,Automobiles & Auto Parts,"Auto, Truck & Motorcycle Parts (NEC)",United States of America,Mid Cap 2-10B,2011-01-08
86,UAVS,Ageagle Aerial Systems Inc,Industrials,Aerospace & Defense,Commercial Aircraft Manufacturing,United States of America,Small Cap 300M-2B,1999-12-03
87,NIO,NIO Inc,Consumer Cyclicals,Automobiles & Auto Parts,Electric (Alternative) Vehicles,China,Large Cap >10B,2018-09-12
88,ABB,Abb Ltd,Industrials,"Machinery, Tools, Heavy Vehicles, Trains & Ships",Heavy Electrical Equipment (NEC),Switzerland,Large Cap >10B,2001-05-07
89,FOSL,Fossil Group Inc,Consumer Cyclicals,Textiles & Apparel,Watches,United States of America,Small Cap 300M-2B,1993-04-01
90,LEA,Lear Corp,Consumer Cyclicals,Automobiles & Auto Parts,"Auto, Truck & Motorcycle Parts (NEC)",United States of America,Mid Cap 2-10B,1994-04-06
91,SPWR,SunPower Corp,Energy,Renewable Energy,Photovoltaic Solar Systems & Equipment,United States of America,Mid Cap 2-10B,2005-11-17
92,WKHS,Workhorse Group Inc,Consumer Cyclicals,Automobiles & Auto Parts,Auto & Truck Manufacturers (NEC),United States of America,Mid Cap 2-10B,2009-07-14
93,BRKR,Bruker Corp,Healthcare,Healthcare Equipment & Supplies,Advanced Medical Equipment & Technology (NEC),United States of America,Mid Cap 2-10B,2000-08-04
94,MVIS,MicroVision Inc,Technology,Electronic Equipment & Parts,Display Screens,United States of America,Small Cap 300M-2B,1996-08-27
95,YNDX,Yandex NV,Technology,Software & IT Services,Search Engines,Netherlands,Large Cap >10B,2011-05-01
96,VNE,Veoneer Inc,Consumer Cyclicals,Automobiles & Auto Parts,"Auto, Truck & Motorcycle Parts (NEC)",Sweden,Mid Cap 2-10B,2018-06-11
97,MAXN,Maxeon Solar Technologies Ltd,Energy,Renewable Energy,Photovoltaic Solar Systems & Equipment,Singapore,Small Cap 300M-2B,2020-08-14
98,ORA,Ormat Technologies Inc,Utilities,Electric Utilities & IPPs,Alternative Electric Utilities,United States of America,Mid Cap 2-10B,2004-11-11
99,LYFT,Lyft Inc,Technology,Software & IT Services,Online Services (NEC),United States of America,Large Cap >10B,2019-03-29
100,DQ,Daqo New Energy Corp,Energy,Renewable Energy,Photovoltaic Solar Systems & Equipment,China,Mid Cap 2-10B,2010-10-07
101,TMO,Thermo Fisher Scientific Inc,Healthcare,Healthcare Equipment & Supplies,Advanced Medical Equipment & Technology (NEC),United States of America,Large Cap >10B,1980-08-27
102,NIU,NIU Technologies,Consumer Cyclicals,Automobiles & Auto Parts,Motorcycles & Scooters,China,Mid Cap 2-10B,2018-10-19
103,GRMN,Garmin Ltd,Technology,Communications & Networking,Security & Surveillance,Switzerland,Large Cap >10B,2000-12-08
104,KLAC,KLA Corp,Technology,Semiconductors & Semiconductor Equipment,Semiconductor Testing Equipment & Service,United States of America,Large Cap >10B,1980-10-08
105,STLA,Stellantis NV,Consumer Cyclicals,Automobiles & Auto Parts,Automobiles & Multi Utility Vehicles,Netherlands,Large Cap >10B,2015-03-05
106,SEDG,Solaredge Technologies Inc,Energy,Renewable Energy,Photovoltaic Solar Systems & Equipment,Israel,Large Cap >10B,2015-03-26
107,MSFT,Microsoft Corp,Technology,Software & IT Services,Software (NEC),United States of America,Large Cap >10B,1986-03-13
108,GOOG,Alphabet Inc,Technology,Software & IT Services,Search Engines,United States of America,Large Cap >10B,2004-08-19
109,FLIR,FLIR Systems Inc,Technology,Communications & Networking,Security & Surveillance,United States of America,Mid Cap 2-10B,1993-01-06
110,TM,Toyota Motor Corp,Consumer Cyclicals,Automobiles & Auto Parts,Auto & Truck Manufacturers (NEC),Japan,Large Cap >10B,1949-05-16
111,ESLT,Elbit Systems Ltd,Industrials,Aerospace & Defense,Aerospace & Defense (NEC),Israel,Mid Cap 2-10B,2010-06-01
112,F,Ford Motor Co,Consumer Cyclicals,Automobiles & Auto Parts,Auto & Truck Manufacturers (NEC),United States of America,Large Cap >10B,1956-03-07
113,CAR,Avis Budget Group Inc,Industrials,Passenger Transportation Services,Passenger Car Rental,United States of America,Mid Cap 2-10B,1983-09-15
114,APTV,Aptiv PLC,Consumer Cyclicals,Automobiles & Auto Parts,"Auto, Truck & Motorcycle Parts (NEC)",Ireland; Republic of,Large Cap >10B,2011-11-17
115,HON,Honeywell International Inc,Consumer Non-Cyclicals,Consumer Goods Conglomerates,Consumer Goods Conglomerates,United States of America,Large Cap >10B,1985-09-19
116,BILI,Bilibili Inc,Technology,Software & IT Services,Online Services (NEC),China,Large Cap >10B,2018-03-28
117,UBER,Uber Technologies Inc,Technology,Software & IT Services,Online Services (NEC),United States of America,Large Cap >10B,2019-05-10
118,HY,Hyster-Yale Materials Handling Inc,Industrials,"Machinery, Tools, Heavy Vehicles, Trains & Ships",Heavy Machinery & Vehicles (NEC),United States of America,Small Cap 300M-2B,1999-02-26
119,REZI,Resideo Technologies Inc,Industrials,"Machinery, Tools, Heavy Vehicles, Trains & Ships",Electric Equipment Wholesale,United States of America,Mid Cap 2-10B,2018-10-29
120,TRMB,Trimble Inc,Technology,Software & IT Services,Enterprise Software,United States of America,Large Cap >10B,1990-07-20
121,VNT,Vontier Corp,Industrials,"Machinery, Tools, Heavy Vehicles, Trains & Ships",Testing & Measuring Equipment,United States of America,Mid Cap 2-10B,2020-09-24
122,EGHT,8x8 Inc,Technology,Communications & Networking,Communications & Networking (NEC),United States of America,Mid Cap 2-10B,1997-07-02
123,OSTK,Overstock.com Inc,Technology,Software & IT Services,E-commerce & Auction Services,United States of America,Mid Cap 2-10B,2002-05-30
124,ON,ON Semiconductor Corp,Technology,Semiconductors & Semiconductor Equipment,Semiconductors (NEC),United States of America,Large Cap >10B,2012-11-16
125,ANGO,AngioDynamics Inc,Healthcare,Healthcare Equipment & Supplies,Medical Supplies,United States of America,Small Cap 300M-2B,2004-05-27
126,NGVT,Ingevity Corp,Basic Materials,Chemicals,Commodity Chemicals (NEC),United States of America,Mid Cap 2-10B,2016-05-02
127,ALRM,Alarm.com Holdings Inc,Technology,Software & IT Services,Software (NEC),United States of America,Mid Cap 2-10B,2015-06-26
128,CHNG,Change Healthcare Inc,Technology,Software & IT Services,Technology Consulting & Outsourcing Services,United States of America,Mid Cap 2-10B,2019-06-27
129,AMSC,American Superconductor Corp,Industrials,"Machinery, Tools, Heavy Vehicles, Trains & Ships",Electrical Components & Equipment (NEC),United States of America,Small Cap 300M-2B,1991-12-12
130,PTC,PTC Inc,Technology,Software & IT Services,Application Software,United States of America,Large Cap >10B,1989-12-08
131,AME,AMETEK Inc,Industrials,"Machinery, Tools, Heavy Vehicles, Trains & Ships",Electrical Components & Equipment (NEC),United States of America,Large Cap >10B,1930-07-01
132,NXPI,NXP Semiconductors NV,Technology,Semiconductors & Semiconductor Equipment,Semiconductors (NEC),Netherlands,Large Cap >10B,2010-08-06
133,CSIQ,Canadian Solar Inc,Energy,Renewable Energy,Photovoltaic Solar Systems & Equipment,Canada,Mid Cap 2-10B,2006-11-09
134,NTES,NetEase Inc,Technology,Software & IT Services,Internet Gaming,China,Large Cap >10B,2000-06-30
135,TPIC,TPI Composites Inc,Energy,Renewable Energy,Wind Systems & Equipment,United States of America,Mid Cap 2-10B,2016-07-22
136,NPTN,NeoPhotonics Corp,Technology,Semiconductors & Semiconductor Equipment,Integrated Circuits,United States of America,Small Cap 300M-2B,2011-02-02
137,ING,ING Groep NV,Financials,Banking Services,Banks (NEC),Netherlands,Large Cap >10B,1991-03-01
138,BE,Bloom Energy Corp,Industrials,"Machinery, Tools, Heavy Vehicles, Trains & Ships",Heavy Electrical Equipment (NEC),United States of America,Mid Cap 2-10B,2018-07-25
139,RTX,Raytheon Technologies Corp,Industrials,Aerospace & Defense,Aerospace & Defense (NEC),United States of America,Large Cap >10B,1934-09-05
140,ENPH,Enphase Energy Inc,Energy,Renewable Energy,Photovoltaic Solar Systems & Equipment,United States of America,Large Cap >10B,2012-03-30
141,ANSS,ANSYS Inc,Technology,Software & IT Services,Application Software,United States of America,Large Cap >10B,1996-06-20
142,AYI,Acuity Brands Inc,Consumer Cyclicals,Homebuilding & Construction Supplies,Lighting Fixtures,United States of America,Mid Cap 2-10B,2002-10-24
143,WORK,Slack Technologies Inc,Technology,Software & IT Services,Application Software,United States of America,Large Cap >10B,2019-06-20
144,LMNX,Luminex Corp,Healthcare,Healthcare Equipment & Supplies,Advanced Medical Equipment & Technology (NEC),United States of America,Small Cap 300M-2B,2000-03-30
145,AY,Atlantica Sustainable Infrastructure PLC,Utilities,Electric Utilities & IPPs,Alternative Electric Utilities,United Kingdom,Mid Cap 2-10B,2014-06-13
146,MASI,Masimo Corp,Healthcare,Healthcare Equipment & Supplies,Medical Equipment,United States of America,Large Cap >10B,2007-08-08
147,NOVA,Sunnova Energy International Inc,Energy,Renewable Energy,Photovoltaic Solar Systems & Equipment,United States of America,Mid Cap 2-10B,2019-07-25
148,XPER,Xperi Holding Corp,Technology,Semiconductors & Semiconductor Equipment,Semiconductors (NEC),United States of America,Mid Cap 2-10B,2020-05-29
149,IAC,IAC/Interactivecorp,Technology,Software & IT Services,Online Services (NEC),United States of America,Large Cap >10B,2020-07-01
150,LMT,Lockheed Martin Corp,Industrials,Aerospace & Defense,Aerospace & Defense (NEC),United States of America,Large Cap >10B,1961-10-11
151,ADT,ADT Inc,Technology,Communications & Networking,Security & Surveillance,United States of America,Mid Cap 2-10B,2018-01-19
152,SLAB,Silicon Laboratories Inc,Technology,Semiconductors & Semiconductor Equipment,Semiconductors (NEC),United States of America,Mid Cap 2-10B,2000-03-24
153,SNN,Smith & Nephew PLC,Healthcare,Healthcare Equipment & Supplies,Medical Devices & Implants,United Kingdom,Large Cap >10B,1951-08-13
154,QRVO,Qorvo Inc,Technology,Semiconductors & Semiconductor Equipment,Semiconductor Equipment & Testing (NEC),United States of America,Large Cap >10B,1997-06-03
155,ADI,Analog Devices Inc,Technology,Semiconductors & Semiconductor Equipment,Semiconductors (NEC),United States of America,Large Cap >10B,1979-04-03
156,SKM,SK Telecom Co Ltd,Technology,Telecommunications Services,Wireless Telecommunications Services (NEC),Korea; Republic (S. Korea),Large Cap >10B,1989-11-07
157,AZRE,Azure Power Global Ltd,Utilities,Electric Utilities & IPPs,Solar Electric Utilities,India,Small Cap 300M-2B,2016-10-12
158,SAN,Banco Santander SA,Financials,Banking Services,Banks (NEC),Spain,Large Cap >10B,1990-01-22
159,JCI,Johnson Controls International PLC,Industrials,"Machinery, Tools, Heavy Vehicles, Trains & Ships","Heating, Ventilation & Air Conditioning Systems",Ireland; Republic of,Large Cap >10B,1991-08-22
160,FSLR,First Solar Inc,Energy,Renewable Energy,Photovoltaic Solar Systems & Equipment,United States of America,Large Cap >10B,2006-11-17
161,YELP,Yelp Inc,Technology,Software & IT Services,Online Services (NEC),United States of America,Mid Cap 2-10B,2012-03-02
162,RUN,Sunrun Inc,Energy,Renewable Energy,Photovoltaic Solar Systems & Equipment,United States of America,Large Cap >10B,2015-08-05
163,TTM,Tata Motors Ltd,Consumer Cyclicals,Automobiles & Auto Parts,Auto & Truck Manufacturers (NEC),India,Large Cap >10B,2008-10-05
164,SAP,SAP SE,Technology,Software & IT Services,Enterprise Software,Germany,Large Cap >10B,1988-11-04
165,MDT,Medtronic PLC,Healthcare,Healthcare Equipment & Supplies,"Medical Equipment, Supplies & Distribution (NEC)",Ireland; Republic of,Large Cap >10B,1980-03-17
166,TME,Tencent Music Entertainment Group,Technology,Software & IT Services,Online Services (NEC),China,Large Cap >10B,2018-12-12
167,KTOS,Kratos Defense and Security Solutions Inc,Industrials,Aerospace & Defense,Aerospace & Defense (NEC),United States of America,Mid Cap 2-10B,1999-11-05
168,INTC,Intel Corp,Technology,Semiconductors & Semiconductor Equipment,Semiconductors (NEC),United States of America,Large Cap >10B,1971-10-13
169,IBM,International Business Machines Corp,Technology,Software & IT Services,IT Services & Consulting (NEC),United States of America,Large Cap >10B,1915-11-11
170,PAGS,PagSeguro Digital Ltd,Industrials,Professional & Commercial Services,Transaction & Payment Services,Brazil,Large Cap >10B,2018-01-24
171,AVYA,Avaya Holdings Corp,Technology,Communications & Networking,Communications & Networking (NEC),United States of America,Small Cap 300M-2B,2017-12-18
172,VRTU,Virtusa Corp,Technology,Software & IT Services,IT Services & Consulting (NEC),United States of America,Small Cap 300M-2B,
173,OCFT,OneConnect Financial Technology Co Ltd,Technology,Financial Technology (Fintech) & Infrastructure,Financial Technology (Fintech) (NEC),China,Mid Cap 2-10B,2019-12-13
174,RNG,RingCentral Inc,Technology,Software & IT Services,Enterprise Software,United States of America,Large Cap >10B,2013-09-27
175,WIT,Wipro Ltd,Technology,Software & IT Services,IT Services & Consulting (NEC),India,Large Cap >10B,2000-10-19
176,BA,Boeing Co,Industrials,Aerospace & Defense,Commercial Aircraft Manufacturing,United States of America,Large Cap >10B,1934-09-05
177,DHR,Danaher Corp,Healthcare,Healthcare Equipment & Supplies,Advanced Medical Equipment & Technology (NEC),United States of America,Large Cap >10B,1969-12-10
178,AVAV,AeroVironment Inc,Industrials,Aerospace & Defense,Aerospace & Defense (NEC),United States of America,Mid Cap 2-10B,2007-01-23
179,CAMT,Camtek Ltd,Technology,Semiconductors & Semiconductor Equipment,Semiconductor Equipment & Testing (NEC),Israel,Small Cap 300M-2B,2000-07-28
180,BR,Broadridge Financial Solutions Inc,Technology,Financial Technology (Fintech) & Infrastructure,Financial Technology (Fintech) (NEC),United States of America,Large Cap >10B,2007-03-22
181,JKS,JinkoSolar Holding Co Ltd,Energy,Renewable Energy,Photovoltaic Solar Systems & Equipment,China,Mid Cap 2-10B,2010-05-14
182,DAN,Dana Inc,Consumer Cyclicals,Automobiles & Auto Parts,"Auto, Truck & Motorcycle Parts (NEC)",United States of America,Mid Cap 2-10B,2008-01-02
183,IX,Orix Corp,Financials,Banking Services,Consumer Lending (NEC),Japan,Large Cap >10B,1971-04-10
184,CARR,Carrier Global Corp,Industrials,"Machinery, Tools, Heavy Vehicles, Trains & Ships","Heating, Ventilation & Air Conditioning Systems",United States of America,Large Cap >10B,2020-03-17
185,AXL,American Axle & Manufacturing Holdings Inc,Consumer Cyclicals,Automobiles & Auto Parts,Engine & Powertrain Systems,United States of America,Small Cap 300M-2B,1999-01-29
186,BLKB,Blackbaud Inc,Technology,Software & IT Services,Software (NEC),United States of America,Mid Cap 2-10B,2004-07-19
187,JMIA,Jumia Technologies AG,Technology,Software & IT Services,Online Services (NEC),Germany,Mid Cap 2-10B,2019-04-12
188,PSN,Parsons Corp,Technology,Software & IT Services,IT Services & Consulting (NEC),United States of America,Mid Cap 2-10B,2019-05-08
189,GE,General Electric Co,Consumer Non-Cyclicals,Consumer Goods Conglomerates,Consumer Goods Conglomerates,United States of America,Large Cap >10B,1892-06-23
190,THRM,Gentherm Inc,Consumer Cyclicals,Automobiles & Auto Parts,"Auto, Truck & Motorcycle Parts (NEC)",United States of America,Mid Cap 2-10B,1993-06-11
191,NKLA,Nikola Corporation,Consumer Cyclicals,Automobiles & Auto Parts,Electric (Alternative) Vehicles,United States of America,Mid Cap 2-10B,2018-05-15
192,ALLY,Ally Financial Inc,Financials,Banking Services,Consumer Leasing,United States of America,Large Cap >10B,2014-04-10
193,ACA,Arcosa Inc,Industrials,Construction & Engineering,Construction & Engineering (NEC),United States of America,Mid Cap 2-10B,2018-10-16
194,CUB,Cubic Corp,Industrials,Aerospace & Defense,Aerospace & Defense (NEC),United States of America,Small Cap 300M-2B,1959-01-08
195,LPRO,Open Lending Corp,Industrials,Professional & Commercial Services,Financial Information Providers,United States of America,Mid Cap 2-10B,2018-03-02
196,MT,ArcelorMittal SA,Basic Materials,Metals & Mining,Iron & Steel (NEC),Luxembourg,Large Cap >10B,2002-02-18
197,BWA,Borgwarner Inc,Consumer Cyclicals,Automobiles & Auto Parts,"Auto, Truck & Motorcycle Parts (NEC)",United States of America,Large Cap >10B,1993-08-13
198,AMAT,Applied Materials Inc,Technology,Semiconductors & Semiconductor Equipment,Semiconductor Machinery Manufacturing,United States of America,Large Cap >10B,1972-10-05
199,TWTR,Twitter Inc,Technology,Software & IT Services,Social Media & Networking,United States of America,Large Cap >10B,2013-11-07
200,CSCO,Cisco Systems Inc,Technology,Communications & Networking,Communications & Networking (NEC),United States of America,Large Cap >10B,1990-02-01
201,ABT,Abbott Laboratories,Healthcare,Healthcare Equipment & Supplies,"Medical Equipment, Supplies & Distribution (NEC)",United States of America,Large Cap >10B,1937-03-01
202,VVNT,Vivint Smart Home Inc,Technology,Communications & Networking,Communications & Networking (NEC),United States of America,Mid Cap 2-10B,2017-10-19
203,HMC,Honda Motor Co Ltd,Consumer Cyclicals,Automobiles & Auto Parts,Auto & Truck Manufacturers (NEC),Japan,Large Cap >10B,1957-12-02
204,PHG,Koninklijke Philips NV,Healthcare,Healthcare Equipment & Supplies,Advanced Medical Equipment & Technology (NEC),Netherlands,Large Cap >10B,2009-09-18
205,TEL,TE Connectivity Ltd,Industrials,"Machinery, Tools, Heavy Vehicles, Trains & Ships",Electrical Components,Switzerland,Large Cap >10B,2009-06-26
206,IMMR,Immersion Corp,Technology,Software & IT Services,Software (NEC),United States of America,Small Cap 300M-2B,1999-11-12
207,VG,Vonage Holdings Corp,Technology,Telecommunications Services,Wireless Telecoms Service Providers,United States of America,Mid Cap 2-10B,2006-05-24
208,TDY,Teledyne Technologies Inc,Technology,Electronic Equipment & Parts,Electronic Equipment & Parts (NEC),United States of America,Large Cap >10B,1999-11-23
209,ZNGA,Zynga Inc,Technology,Software & IT Services,Internet Gaming,United States of America,Large Cap >10B,2011-12-15
210,VMI,Valmont Industries Inc,Industrials,Construction & Engineering,Construction & Engineering (NEC),United States of America,Mid Cap 2-10B,2002-08-30
211,IRTC,iRhythm Technologies Inc,Healthcare,Healthcare Equipment & Supplies,Medical Monitoring Systems,United States of America,Mid Cap 2-10B,2016-10-20
212,LOGN,Logitech International SA,Technology,"Computers, Phones & Household Electronics",Computer Hardware (NEC),Switzerland,Large Cap >10B,2012-09-24
213,SYNA,Synaptics Inc,Technology,"Computers, Phones & Household Electronics",Computer Hardware (NEC),United States of America,Mid Cap 2-10B,2002-01-29
214,LX,Lexinfintech Holdings Ltd,Financials,Banking Services,Personal & Car Loans,China,Small Cap 300M-2B,2017-12-21
215,HIMX,Himax Technologies Inc,Technology,Semiconductors & Semiconductor Equipment,Semiconductors (NEC),Taiwan,Small Cap 300M-2B,2006-03-31
216,ALSN,Allison Transmission Holdings Inc,Industrials,"Machinery, Tools, Heavy Vehicles, Trains & Ships",Heavy Machinery & Vehicles (NEC),United States of America,Mid Cap 2-10B,2012-03-15
217,WB,Weibo Corp,Consumer Cyclicals,Media & Publishing,Advertising & Marketing (NEC),China,Large Cap >10B,2014-04-17
218,CMI,Cummins Inc,Consumer Cyclicals,Automobiles & Auto Parts,Engine & Powertrain Systems,United States of America,Large Cap >10B,1964-09-10
219,LHX,L3harris Technologies Inc,Industrials,Aerospace & Defense,Aerospace & Defense (NEC),United States of America,Large Cap >10B,1955-07-13
220,MU,Micron Technology Inc,Technology,Semiconductors & Semiconductor Equipment,Semiconductors (NEC),United States of America,Large Cap >10B,1984-06-01
221,ORBC,ORBCOMM Inc,Technology,Telecommunications Services,Wireless Telecommunications Services (NEC),United States of America,Small Cap 300M-2B,2006-11-03
222,BSX,Boston Scientific Corp,Healthcare,Healthcare Equipment & Supplies,Advanced Medical Equipment & Technology (NEC),United States of America,Large Cap >10B,1992-05-19
223,MTCH,Match Group Inc,Technology,Software & IT Services,Social Media & Networking,United States of America,Large Cap >10B,1992-12-28
224,HMI,Huami Corp,Technology,"Computers, Phones & Household Electronics",Phones & Handheld Devices (NEC),China,Small Cap 300M-2B,2018-02-08
225,RCIb,Rogers Communications Inc,Technology,Telecommunications Services,Wireless Telecommunications Services (NEC),Canada,Large Cap >10B,1905-06-01
226,CAMP,CalAmp Corp,Technology,Telecommunications Services,Wireless Telecommunications Services (NEC),United States of America,Small Cap 300M-2B,1983-12-14
227,NOC,Northrop Grumman Corp,Industrials,Aerospace & Defense,Aerospace & Defense (NEC),United States of America,Large Cap >10B,1951-12-10
228,MOMO,Momo Inc,Technology,Software & IT Services,Mobile Application Software,China,Mid Cap 2-10B,2014-12-11
229,RKT,Rocket Companies Inc,Financials,Banking Services,Consumer Lending (NEC),United States of America,Large Cap >10B,2020-08-06
230,GRVY,Gravity Co Ltd,Technology,Software & IT Services,Internet Gaming,Korea; Republic (S. Korea),Small Cap 300M-2B,2005-02-08
231,KNDI,Kandi Technologies Group Inc,Consumer Cyclicals,Automobiles & Auto Parts,Electric (Alternative) Vehicles,China,Small Cap 300M-2B,2007-07-06
232,ST,Sensata Technologies Holding PLC,Technology,Electronic Equipment & Parts,Electronic Equipment & Parts (NEC),United Kingdom,Mid Cap 2-10B,2010-03-11
233,SANM,Sanmina Corp,Technology,Semiconductors & Semiconductor Equipment,Semiconductors (NEC),United States of America,Mid Cap 2-10B,1993-04-14
234,MOD,Modine Manufacturing Co,Consumer Cyclicals,Automobiles & Auto Parts,Engine & Powertrain Systems,United States of America,Small Cap 300M-2B,1982-09-20
235,TXT,Textron Inc,Industrials,Aerospace & Defense,Commercial Aircraft Manufacturing,United States of America,Large Cap >10B,1947-12-22
236,IRBT,iRobot Corp,Technology,Electronic Equipment & Parts,Advanced Electronic Equipment,United States of America,Mid Cap 2-10B,2005-11-09
237,HUN,Huntsman Corp,Basic Materials,Chemicals,Specialty Chemicals (NEC),United States of America,Mid Cap 2-10B,2005-02-11
238,MX,MagnaChip Semiconductor Corp,Technology,Semiconductors & Semiconductor Equipment,Semiconductors (NEC),Luxembourg,Small Cap 300M-2B,2011-03-10
239,GLUU,Glu Mobile Inc,Technology,Software & IT Services,Mobile System Software,United States of America,Small Cap 300M-2B,2007-03-22
240,OESX,Orion Energy Systems Inc,Consumer Cyclicals,Homebuilding & Construction Supplies,Lighting Fixtures,United States of America,Small Cap 300M-2B,2007-12-19
241,YY,JOYY Inc,Technology,Software & IT Services,Online Services (NEC),China,Mid Cap 2-10B,2012-11-21
242,ACIW,ACI Worldwide Inc,Technology,Software & IT Services,IT Services & Consulting (NEC),United States of America,Mid Cap 2-10B,1993-11-02
243,ITRI,Itron Inc,Industrials,"Machinery, Tools, Heavy Vehicles, Trains & Ships",Electrical Components & Equipment (NEC),United States of America,Mid Cap 2-10B,1993-11-04
245,FOUR,Shift4 Payments Inc,Industrials,Professional & Commercial Services,Transaction & Payment Services,United States of America,Mid Cap 2-10B,2020-06-05
246,IIIV,I3 Verticals Inc,Industrials,Professional & Commercial Services,Transaction & Payment Services,United States of America,Small Cap 300M-2B,2018-06-21
247,TXN,Texas Instruments Inc,Technology,Semiconductors & Semiconductor Equipment,Semiconductors (NEC),United States of America,Large Cap >10B,1953-10-01
248,AMD,Advanced Micro Devices Inc,Technology,Semiconductors & Semiconductor Equipment,Semiconductors (NEC),United States of America,Large Cap >10B,1979-10-15
249,UCTT,Ultra Clean Holdings Inc,Technology,Semiconductors & Semiconductor Equipment,Semiconductor Equipment & Testing (NEC),United States of America,Small Cap 300M-2B,2004-03-25
250,BMI,Badger Meter Inc,Industrials,"Machinery, Tools, Heavy Vehicles, Trains & Ships",Testing & Measuring Equipment,United States of America,Mid Cap 2-10B,1980-03-17
251,HEI,HEICO Corp,Industrials,Aerospace & Defense,Aircraft Parts Manufacturing,United States of America,Large Cap >10B,1998-04-24
252,SLP,Simulations Plus Inc,Healthcare,Healthcare Equipment & Supplies,Medical Software & Technology Services,United States of America,Small Cap 300M-2B,1997-06-18
253,AQUA,Evoqua Water Technologies Corp,Industrials,Professional & Commercial Services,Purification & Treatment Equipment,United States of America,Mid Cap 2-10B,2017-11-02
254,DOYU,Douyu International Holdings Ltd,Technology,Software & IT Services,Online Services (NEC),China,Mid Cap 2-10B,2019-07-17
255,PEN,Penumbra Inc,Healthcare,Healthcare Equipment & Supplies,Medical Equipment,United States of America,Mid Cap 2-10B,2015-09-18
256,MTOR,Meritor Inc,Consumer Cyclicals,Automobiles & Auto Parts,"Auto, Truck & Motorcycle Parts (NEC)",United States of America,Small Cap 300M-2B,1997-09-15
257,ATI,Allegheny Technologies Inc,Industrials,Aerospace & Defense,Aerospace & Defense (NEC),United States of America,Mid Cap 2-10B,1999-11-23
258,CRS,Carpenter Technology Corp,Basic Materials,Metals & Mining,Iron & Steel (NEC),United States of America,Small Cap 300M-2B,1981-05-22
259,ATVI,Activision Blizzard Inc,Technology,Software & IT Services,Internet Gaming,United States of America,Large Cap >10B,1983-06-10
260,XYL,Xylem Inc,Industrials,"Machinery, Tools, Heavy Vehicles, Trains & Ships",Pump & Pumping Equipment,United States of America,Large Cap >10B,2011-10-12
261,UEIC,Universal Electronics Inc,Technology,"Computers, Phones & Household Electronics",Household Electronics (NEC),United States of America,Small Cap 300M-2B,1993-02-12
262,SPCE,Virgin Galactic Holdings Inc,Industrials,Aerospace & Defense,Spacecraft Manufacturing,United States of America,Large Cap >10B,2017-09-14
263,GD,General Dynamics Corp,Industrials,Aerospace & Defense,Aerospace & Defense (NEC),United States of America,Large Cap >10B,1952-04-25
264,HPQ,HP Inc,Technology,"Computers, Phones & Household Electronics",Computer Hardware (NEC),United States of America,Large Cap >10B,1961-03-17
265,RPAY,Repay Holdings Corp,Industrials,Professional & Commercial Services,Transaction & Payment Services,United States of America,Small Cap 300M-2B,2018-07-17
266,SNE,Sony Corp,Technology,"Computers, Phones & Household Electronics",Household Electronics (NEC),Japan,Large Cap >10B,1958-12-01
267,NVEC,NVE Corp,Technology,Semiconductors & Semiconductor Equipment,Semiconductors (NEC),United States of America,Small Cap 300M-2B,1983-09-26
268,GILT,Gilat Satellite Networks Ltd,Technology,Communications & Networking,Communications & Networking (NEC),Israel,Small Cap 300M-2B,1993-01-01
269,MRCY,Mercury Systems Inc,Industrials,Aerospace & Defense,Aerospace & Defense (NEC),United States of America,Mid Cap 2-10B,1998-01-30
270,PNR,Pentair PLC,Industrials,"Machinery, Tools, Heavy Vehicles, Trains & Ships",Industrial Machinery & Equipment (NEC),United Kingdom,Mid Cap 2-10B,2012-09-17
271,FISV,Fiserv Inc,Industrials,Professional & Commercial Services,Transaction & Payment Services,United States of America,Large Cap >10B,1986-09-25
272,SNCR,Synchronoss Technologies Inc,Technology,Software & IT Services,Cloud Computing Services,United States of America,Micro cap,2000-09-19
273,FTI,TechnipFMC PLC,Energy,Oil & Gas Related Equipment and Services,Oil Related Services and Equipment (NEC),United Kingdom,Mid Cap 2-10B,2017-01-17
274,MANT,ManTech International Corp,Technology,Software & IT Services,IT Services & Consulting (NEC),United States of America,Mid Cap 2-10B,2002-02-07
275,BRKS,Brooks Automation Inc,Technology,Semiconductors & Semiconductor Equipment,Semiconductor Equipment & Testing (NEC),United States of America,Mid Cap 2-10B,1995-02-02
276,V,Visa Inc,Technology,Software & IT Services,Internet Security & Transactions Services,United States of America,Large Cap >10B,2008-03-19
277,AYX,Alteryx Inc,Technology,Software & IT Services,Software (NEC),United States of America,Mid Cap 2-10B,2017-03-24
278,GDOT,Green Dot Corp,Financials,Banking Services,Consumer Credit Cards Services,United States of America,Mid Cap 2-10B,2010-07-22
279,NVEE,NV5 Global Inc,Industrials,Construction & Engineering,Civil Engineers & Architects,United States of America,Small Cap 300M-2B,2013-03-27
280,GMED,Globus Medical Inc,Healthcare,Healthcare Equipment & Supplies,"Medical Equipment, Supplies & Distribution (NEC)",United States of America,Mid Cap 2-10B,2012-03-08
281,HQY,Healthequity Inc,Technology,Software & IT Services,Software (NEC),United States of America,Mid Cap 2-10B,2014-07-31
282,TER,Teradyne Inc,Technology,Semiconductors & Semiconductor Equipment,Semiconductor Testing Equipment & Service,United States of America,Large Cap >10B,1979-05-15
283,BP,BP PLC,Energy,Oil & Gas,Oil & Gas Refining and Marketing (NEC),United Kingdom,Large Cap >10B,1954-03-29
284,SOHU,Sohu.com Ltd,Technology,Software & IT Services,Online Services (NEC),China,Small Cap 300M-2B,2000-07-12
285,OMCL,Omnicell Inc,Healthcare,Healthcare Equipment & Supplies,Medical Software & Technology Services,United States of America,Mid Cap 2-10B,2001-08-08
286,JBT,John Bean Technologies Corp,Industrials,"Machinery, Tools, Heavy Vehicles, Trains & Ships",Industrial Machinery,United States of America,Mid Cap 2-10B,2008-07-18
287,SU,Suncor Energy Inc,Energy,Oil & Gas,Oil & Gas Refining and Marketing (NEC),Canada,Large Cap >10B,1997-04-18
288,B,Barnes Group Inc,Industrials,"Machinery, Tools, Heavy Vehicles, Trains & Ships",Industrial Machinery & Equipment (NEC),United States of America,Mid Cap 2-10B,1981-05-22
289,RDSa,Royal Dutch Shell PLC,Energy,Oil & Gas,Integrated Oil & Gas,Netherlands,Large Cap >10B,2005-07-20
290,IQ,IQIYI Inc,Technology,Software & IT Services,Online Services (NEC),China,Large Cap >10B,2018-03-29
291,FIS,Fidelity National Information Services Inc,Technology,Financial Technology (Fintech) & Infrastructure,Financial Technology (Fintech) (NEC),United States of America,Large Cap >10B,2001-06-20
292,IDT,IDT Corp,Technology,Telecommunications Services,Integrated Telecommunications Services (NEC),United States of America,Small Cap 300M-2B,2001-06-01
293,ISRG,Intuitive Surgical Inc,Healthcare,Healthcare Equipment & Supplies,Advanced Medical Equipment & Technology (NEC),United States of America,Large Cap >10B,2006-06-01
294,AES,AES Corp,Utilities,Electric Utilities & IPPs,Electric Utilities (NEC),United States of America,Large Cap >10B,1996-10-16
295,ENB,Enbridge Inc,Energy,Oil & Gas Related Equipment and Services,Oil & Gas Transportation Services (NEC),Canada,Large Cap >10B,2001-10-30
296,AXDX,Accelerate Diagnostics Inc,Healthcare,Healthcare Equipment & Supplies,Advanced Medical Equipment & Technology (NEC),United States of America,Small Cap 300M-2B,1993-10-27
297,ALE,ALLETE Inc,Utilities,Electric Utilities & IPPs,Electric Utilities (NEC),United States of America,Mid Cap 2-10B,1981-05-22
298,QTWO,Q2 Holdings Inc,Technology,Software & IT Services,Enterprise Software,United States of America,Mid Cap 2-10B,2014-03-20
299,AQN,Algonquin Power & Utilities Corp,Utilities,Multiline Utilities,Multiline Utilities,Canada,Mid Cap 2-10B,1997-12-23
300,LECO,Lincoln Electric Holdings Inc,Industrials,"Machinery, Tools, Heavy Vehicles, Trains & Ships",Welding & Soldering Equipment,United States of America,Mid Cap 2-10B,1995-06-01
301,SYK,Stryker Corp,Healthcare,Healthcare Equipment & Supplies,Medical Devices & Implants,United States of America,Large Cap >10B,1997-07-24
302,NEE,Nextera Energy Inc,Utilities,Electric Utilities & IPPs,Electric Utilities (NEC),United States of America,Large Cap >10B,1950-02-15
303,CRL,Charles River Laboratories International Inc,Healthcare,Biotechnology & Medical Research,Biotechnology & Medical Research (NEC),United States of America,Large Cap >10B,2000-06-23
304,IBN,ICICI Bank Ltd,Financials,Banking Services,Banks (NEC),India,Large Cap >10B,1997-09-24
305,NJR,New Jersey Resources Corp,Utilities,Natural Gas Utilities,Natural Gas Distribution,United States of America,Mid Cap 2-10B,1980-03-17
306,SCHW,Charles Schwab Corp,Financials,Investment Banking & Investment Services,Investment Banking & Brokerage Services (NEC),United States of America,Large Cap >10B,2010-03-05
307,ENIA,Enel Americas SA,Utilities,Electric Utilities & IPPs,Electric Utilities (NEC),Chile,Large Cap >10B,1983-01-28
308,AGR,Avangrid Inc,Utilities,Multiline Utilities,Multiline Utilities,United States of America,Large Cap >10B,2015-12-17
309,AJRD,Aerojet Rocketdyne Holdings Inc,Industrials,Aerospace & Defense,Aerospace & Defense (NEC),United States of America,Mid Cap 2-10B,1980-03-17
310,QD,Qudian Inc,Technology,Financial Technology (Fintech) & Infrastructure,Business to Consumer,China,Small Cap 300M-2B,2017-10-18
311,KALU,Kaiser Aluminum Corp,Basic Materials,Metals & Mining,Primary Aluminum Production,United States of America,Small Cap 300M-2B,1991-07-11
312,ALL,Allstate Corp,Financials,Insurance,Property & Casualty Insurance (NEC),United States of America,Large Cap >10B,1993-06-03
313,TTEK,Tetra Tech Inc,Industrials,Professional & Commercial Services,Environmental Services & Equipment (NEC),United States of America,Mid Cap 2-10B,1977-01-07
314,BLK,BlackRock Inc,Financials,Investment Banking & Investment Services,Investment Management & Fund Operators (NEC),United States of America,Large Cap >10B,1999-10-01
315,ELP,Companhia Paranaense de Energia,Utilities,Electric Utilities & IPPs,Electric Utilities (NEC),Brazil,Mid Cap 2-10B,1994-04-04
316,MAXR,Maxar Technologies Inc,Technology,Communications & Networking,Satellite Communications Network,United States of America,Mid Cap 2-10B,2001-07-26
317,VOD,Vodafone Group PLC,Technology,Telecommunications Services,Wireless Telecommunications Services (NEC),United Kingdom,Large Cap >10B,1988-10-26
318,ED,Consolidated Edison Inc,Utilities,Electric Utilities & IPPs,Electric Utilities (NEC),United States of America,Large Cap >10B,1948-06-21
319,ADSK,Autodesk Inc,Technology,Software & IT Services,Application Software,United States of America,Large Cap >10B,1985-05-01
320,RY,Royal Bank of Canada,Financials,Banking Services,Banks (NEC),Canada,Large Cap >10B,1905-06-17
321,OII,Oceaneering International Inc,Energy,Oil & Gas Related Equipment and Services,Oil Related Services and Equipment (NEC),United States of America,Small Cap 300M-2B,1991-12-17
322,MWA,Mueller Water Products Inc,Industrials,"Machinery, Tools, Heavy Vehicles, Trains & Ships",Industrial Machinery & Equipment (NEC),United States of America,Small Cap 300M-2B,2006-05-26
323,BSBR,Banco Santander Brasil SA,Financials,Banking Services,Banks (NEC),Brazil,Large Cap >10B,2009-10-07
324,HII,Huntington Ingalls Industries Inc,Industrials,Aerospace & Defense,Aerospace & Defense (NEC),United States of America,Mid Cap 2-10B,2011-03-19
325,LDOS,Leidos Holdings Inc,Technology,Software & IT Services,IT Services & Consulting (NEC),United States of America,Large Cap >10B,2006-10-13
326,KODK,Eastman Kodak Co,Technology,"Computers, Phones & Household Electronics",Photographic Equipment,United States of America,Small Cap 300M-2B,2013-09-19
327,VIR,Vir Biotechnology Inc,Healthcare,Biotechnology & Medical Research,Biotechnology & Medical Research (NEC),United States of America,Mid Cap 2-10B,2019-10-11
328,HXL,Hexcel Corp,Industrials,Aerospace & Defense,Aerospace & Defense (NEC),United States of America,Mid Cap 2-10B,1980-03-17
329,AGYS,Agilysys Inc,Technology,Software & IT Services,Enterprise Software,United States of America,Small Cap 300M-2B,1971-01-08
330,MA,Mastercard Inc,Technology,Software & IT Services,Internet Security & Transactions Services,United States of America,Large Cap >10B,2006-05-25
331,ROP,Roper Technologies Inc,Technology,Software & IT Services,Application Software,United States of America,Large Cap >10B,1996-11-01
332,HUBB,Hubbell Inc,Industrials,"Machinery, Tools, Heavy Vehicles, Trains & Ships",Electrical Components & Equipment (NEC),United States of America,Mid Cap 2-10B,2009-10-29
333,GGAL,Grupo Financiero Galicia SA,Financials,Banking Services,Banks (NEC),Argentina,Small Cap 300M-2B,2004-04-23
334,QIWI,Qiwi PLC,Industrials,Professional & Commercial Services,Transaction & Payment Services,Cyprus,Small Cap 300M-2B,2013-05-03
335,RADA,Rada Electronic Industries Ltd,Technology,Communications & Networking,Broadcasting Equipment,Israel,Small Cap 300M-2B,1985-04-30
336,EVOP,EVO Payments Inc,Industrials,Professional & Commercial Services,Transaction & Payment Services,United States of America,Small Cap 300M-2B,2018-05-23
337,PGR,Progressive Corp,Financials,Insurance,Insurance - Automobile,United States of America,Large Cap >10B,1987-06-01
338,J,Jacobs Engineering Group Inc,Industrials,Construction & Engineering,Construction & Engineering (NEC),United States of America,Large Cap >10B,1989-12-15
339,IPGP,IPG Photonics Corp,Technology,Electronic Equipment & Parts,Electronic Components,United States of America,Large Cap >10B,2006-12-13
340,LXFR,Luxfer Holdings PLC,Industrials,"Machinery, Tools, Heavy Vehicles, Trains & Ships",Industrial Machinery & Equipment (NEC),United Kingdom,Small Cap 300M-2B,2012-10-03
341,A,Agilent Technologies Inc,Healthcare,Healthcare Equipment & Supplies,Advanced Medical Equipment & Technology (NEC),United States of America,Large Cap >10B,1999-11-18
342,CNMD,Conmed Corp,Healthcare,Healthcare Equipment & Supplies,"Medical Equipment, Supplies & Distribution (NEC)",United States of America,Mid Cap 2-10B,2020-04-14
343,MOGa,Moog Inc,Industrials,Aerospace & Defense,Aerospace & Defense (NEC),United States of America,Mid Cap 2-10B,1981-05-22
344,PKI,PerkinElmer Inc,Healthcare,Healthcare Equipment & Supplies,Advanced Medical Equipment & Technology (NEC),United States of America,Large Cap >10B,1965-07-06
345,NGG,National Grid PLC,Utilities,Multiline Utilities,Multiline Utilities,United Kingdom,Large Cap >10B,2002-01-31
346,OOMA,Ooma Inc,Technology,Telecommunications Services,Wireless Telecommunications Services (NEC),United States of America,Small Cap 300M-2B,2015-07-17
347,NK,NantKwest Inc,Healthcare,Biotechnology & Medical Research,Bio Therapeutic Drugs,United States of America,Mid Cap 2-10B,2015-07-28
348,ARAY,Accuray Inc,Healthcare,Healthcare Equipment & Supplies,Advanced Medical Equipment & Technology (NEC),United States of America,Small Cap 300M-2B,2007-02-08
349,CACI,CACI International Inc,Technology,Software & IT Services,IT Services & Consulting (NEC),United States of America,Mid Cap 2-10B,2002-08-16
350,OSIS,OSI Systems Inc,Technology,Electronic Equipment & Parts,Electronic Equipment & Parts (NEC),United States of America,Small Cap 300M-2B,1997-10-02
351,CYBE,CyberOptics Corp,Technology,Electronic Equipment & Parts,Electronic Components,United States of America,Micro cap,1987-12-17
352,ERII,Energy Recovery Inc,Industrials,"Machinery, Tools, Heavy Vehicles, Trains & Ships",Industrial Machinery,United States of America,Small Cap 300M-2B,2008-07-02
353,FINV,FinVolution Group,Technology,Software & IT Services,Mobile Application Software,China,Small Cap 300M-2B,2017-11-10
354,MTD,Mettler-Toledo International Inc,Industrials,"Machinery, Tools, Heavy Vehicles, Trains & Ships",Testing & Measuring Equipment,United States of America,Large Cap >10B,1997-11-13
355,VEC,Vectrus Inc,Industrials,Professional & Commercial Services,Business Support Services (NEC),United States of America,Small Cap 300M-2B,2014-09-16
356,MCK,Mckesson Corp,Consumer Non-Cyclicals,Food & Drug Retailing,Drug Retailers (NEC),United States of America,Large Cap >10B,1994-11-10
357,GRFS,Grifols SA,Healthcare,Pharmaceuticals,Biopharmaceuticals,Spain,Large Cap >10B,2006-05-17
358,XNET,Xunlei Ltd,Technology,Software & IT Services,IT Services & Consulting (NEC),China,Small Cap 300M-2B,2014-06-24
359,DOV,Dover Corp,Industrials,"Machinery, Tools, Heavy Vehicles, Trains & Ships",Industrial Machinery & Equipment (NEC),United States of America,Large Cap >10B,1956-12-03
360,ERJ,Embraer SA,Industrials,Aerospace & Defense,Commercial Aircraft Manufacturing,Brazil,Small Cap 300M-2B,2006-05-23
361,KRYS,Krystal Biotech Inc,Healthcare,Biotechnology & Medical Research,Bio Therapeutic Drugs,United States of America,Small Cap 300M-2B,2017-09-20
362,TNAV,Telenav Inc,Technology,Software & IT Services,Mobile Application Software,United States of America,Micro cap,2010-05-13
363,VCEL,Vericel Corp,Healthcare,Pharmaceuticals,Biopharmaceuticals,United States of America,Small Cap 300M-2B,1997-02-04
364,LGND,Ligand Pharmaceuticals Inc,Healthcare,Biotechnology & Medical Research,Biotechnology & Medical Research (NEC),United States of America,Mid Cap 2-10B,1992-11-18
365,TKC,Turkcell Iletisim Hizmetleri AS,Technology,Telecommunications Services,Wireless Telecoms Service Providers,Turkey,Mid Cap 2-10B,2000-07-11
366,RBBN,Ribbon Communications Inc,Technology,Communications & Networking,Communications & Networking (NEC),United States of America,Small Cap 300M-2B,2004-09-13
367,SXI,Standex International Corp,Industrials,"Machinery, Tools, Heavy Vehicles, Trains & Ships",Industrial Machinery,United States of America,Small Cap 300M-2B,1980-03-17
368,FEYE,FireEye Inc,Technology,Software & IT Services,Software (NEC),United States of America,Mid Cap 2-10B,2013-09-20
369,VREX,Varex Imaging Corp,Healthcare,Healthcare Equipment & Supplies,Medical Diagnostic & Testing Equipment,United States of America,Small Cap 300M-2B,2017-01-20
370,DTIL,Precision BioSciences Inc,Healthcare,Biotechnology & Medical Research,Biotechnology & Medical Research (NEC),United States of America,Small Cap 300M-2B,2019-03-28
371,CYBR,Cyberark Software Ltd,Technology,Software & IT Services,Application Software,Israel,Mid Cap 2-10B,2014-09-24
372,CDXS,Codexis Inc,Healthcare,Biotechnology & Medical Research,Biotechnology & Medical Research (NEC),United States of America,Small Cap 300M-2B,2010-04-22
373,ZIOP,ZIOPHARM Oncology Inc,Healthcare,Biotechnology & Medical Research,Bio Therapeutic Drugs,United States of America,Small Cap 300M-2B,2004-08-20
374,ORTX,Orchard Therapeutics PLC,Healthcare,Pharmaceuticals,Pharmaceuticals (NEC),United Kingdom,Small Cap 300M-2B,2018-10-31
375,TBIO,Translate Bio Inc,Healthcare,Biotechnology & Medical Research,Bio Therapeutic Drugs,United States of America,Small Cap 300M-2B,2018-06-28
376,DCO,Ducommun Inc,Industrials,Aerospace & Defense,Aircraft Parts Manufacturing,United States of America,Small Cap 300M-2B,1980-03-17
377,PGEN,Precigen Inc,Healthcare,Biotechnology & Medical Research,Biotechnology & Medical Research (NEC),United States of America,Small Cap 300M-2B,2013-08-08
378,AEGN,Aegion Corp,Industrials,Construction & Engineering,Construction & Engineering (NEC),United States of America,Small Cap 300M-2B,1981-12-03
379,SAIC,Science Applications International Corp,Technology,Software & IT Services,IT Services & Consulting (NEC),United States of America,Mid Cap 2-10B,2013-09-16
380,QLYS,Qualys Inc,Technology,Software & IT Services,Cloud Computing Services,United States of America,Mid Cap 2-10B,2012-09-28
381,PRSP,Perspecta Inc,Technology,Software & IT Services,IT Services & Consulting (NEC),United States of America,Mid Cap 2-10B,2018-05-24
382,FIXX,Homology Medicines Inc,Healthcare,Biotechnology & Medical Research,Bio Therapeutic Drugs,United States of America,Small Cap 300M-2B,2018-03-28
383,PANW,Palo Alto Networks Inc,Technology,Software & IT Services,Internet Security & Transactions Services,United States of America,Large Cap >10B,2012-07-20
384,CLLS,Cellectis SA,Healthcare,Biotechnology & Medical Research,Biotechnology & Medical Research (NEC),France,Small Cap 300M-2B,2007-02-06
385,TTMI,TTM Technologies Inc,Technology,Semiconductors & Semiconductor Equipment,Integrated Circuits,United States of America,Small Cap 300M-2B,2000-09-21
386,TDG,TransDigm Group Inc,Industrials,Aerospace & Defense,Aircraft Parts Manufacturing,United States of America,Large Cap >10B,2006-03-15
387,ESE,ESCO Technologies Inc,Industrials,"Machinery, Tools, Heavy Vehicles, Trains & Ships",Testing & Measuring Equipment,United States of America,Mid Cap 2-10B,1990-10-01
388,VRNS,Varonis Systems Inc,Technology,Software & IT Services,Enterprise Software,United States of America,Mid Cap 2-10B,2014-02-28
389,VRNT,Verint Systems Inc,Technology,Software & IT Services,IT Services & Consulting (NEC),United States of America,Mid Cap 2-10B,2002-05-16
390,APH,Amphenol Corp,Technology,Electronic Equipment & Parts,Electronic Components,United States of America,Large Cap >10B,1991-11-08
391,ZS,Zscaler Inc,Technology,Software & IT Services,System Software,United States of America,Large Cap >10B,2018-03-16
392,FFIV,F5 Networks Inc,Technology,Software & IT Services,IT Services & Consulting (NEC),United States of America,Large Cap >10B,1999-06-03
393,FATE,Fate Therapeutics Inc,Healthcare,Biotechnology & Medical Research,Bio Therapeutic Drugs,United States of America,Mid Cap 2-10B,2013-10-01
394,SGMO,Sangamo Therapeutics Inc,Healthcare,Biotechnology & Medical Research,Bio Therapeutic Drugs,United States of America,Small Cap 300M-2B,2000-04-06
395,INO,Inovio Pharmaceuticals Inc,Healthcare,Biotechnology & Medical Research,Biotechnology & Medical Research (NEC),United States of America,Mid Cap 2-10B,1998-12-08
396,NTCT,Netscout Systems Inc,Technology,Software & IT Services,IT Services & Consulting (NEC),United States of America,Mid Cap 2-10B,1999-08-12
397,RPD,Rapid7 Inc,Technology,Software & IT Services,Software (NEC),United States of America,Mid Cap 2-10B,2015-07-17
398,VSAT,ViaSat Inc,Technology,Communications & Networking,Communications & Networking (NEC),United States of America,Mid Cap 2-10B,1996-12-03
399,ALNY,Alnylam Pharmaceuticals Inc,Healthcare,Biotechnology & Medical Research,Biotechnology & Medical Research (NEC),United States of America,Large Cap >10B,2004-05-28
400,ATEN,A10 Networks Inc,Technology,Software & IT Services,Enterprise Software,United States of America,Small Cap 300M-2B,2014-03-21
401,ALLO,Allogene Therapeutics Inc,Healthcare,Biotechnology & Medical Research,Bio Therapeutic Drugs,United States of America,Mid Cap 2-10B,2018-10-11
402,TENB,Tenable Holdings Inc,Technology,Software & IT Services,Software (NEC),United States of America,Mid Cap 2-10B,2018-07-26
403,ADAP,Adaptimmune Therapeutics PLC,Healthcare,Biotechnology & Medical Research,Bio Therapeutic Drugs,United Kingdom,Small Cap 300M-2B,2015-05-06
404,OSPN,OneSpan Inc,Technology,Software & IT Services,IT Services & Consulting (NEC),United States of America,Small Cap 300M-2B,1998-03-20
405,RARE,Ultragenyx Pharmaceutical Inc,Healthcare,Biotechnology & Medical Research,Bio Therapeutic Drugs,United States of America,Mid Cap 2-10B,2014-01-31
406,BWXT,BWX Technologies Inc,Industrials,Aerospace & Defense,Aerospace & Defense (NEC),United States of America,Mid Cap 2-10B,2010-07-10
407,PFPT,Proofpoint Inc,Technology,Software & IT Services,IT Services & Consulting (NEC),United States of America,Mid Cap 2-10B,2012-01-03
408,LLNW,Limelight Networks Inc,Technology,Software & IT Services,IT Services & Consulting (NEC),United States of America,Small Cap 300M-2B,2007-06-08
409,FTNT,Fortinet Inc,Technology,Software & IT Services,IT Services & Consulting (NEC),United States of America,Large Cap >10B,2009-06-08
410,BIIB,Biogen Inc,Healthcare,Pharmaceuticals,Biopharmaceuticals,United States of America,Large Cap >10B,1991-09-17
411,CTLT,Catalent Inc,Healthcare,Pharmaceuticals,Pharmaceuticals (NEC),United States of America,Large Cap >10B,2014-07-31
412,KEP,Korea Electric Power Corp,Utilities,Electric Utilities & IPPs,Electric Utilities (NEC),Korea; Republic (S. Korea),Large Cap >10B,1989-08-10
413,BLL,Ball Corp,Basic Materials,Containers & Packaging,Non-Paper Containers & Packaging (NEC),United States of America,Large Cap >10B,1973-12-17
414,GFF,Griffon Corp,Consumer Cyclicals,Homebuilding & Construction Supplies,Construction Supplies & Fixtures (NEC),United States of America,Small Cap 300M-2B,1981-05-22
415,JNPR,Juniper Networks Inc,Technology,Communications & Networking,Network Equipment,United States of America,Mid Cap 2-10B,2009-10-29
416,RDWR,Radware Ltd,Technology,Software & IT Services,Application Software,Israel,Small Cap 300M-2B,1999-09-30
417,AVGO,Broadcom Inc,Technology,Semiconductors & Semiconductor Equipment,Semiconductors (NEC),United States of America,Large Cap >10B,2016-02-01
418,BLUE,bluebird bio Inc,Healthcare,Biotechnology & Medical Research,Bio Therapeutic Drugs,United States of America,Mid Cap 2-10B,2013-06-19
419,RGNX,Regenxbio Inc,Healthcare,Biotechnology & Medical Research,Bio Therapeutic Drugs,United States of America,Small Cap 300M-2B,2015-09-17
420,DELL,Dell Technologies Inc,Technology,"Computers, Phones & Household Electronics",Computer Hardware (NEC),United States of America,Large Cap >10B,2016-08-01
421,GILD,Gilead Sciences Inc,Healthcare,Biotechnology & Medical Research,Bio Therapeutic Drugs,United States of America,Large Cap >10B,1992-01-01
422,ADVM,Adverum Biotechnologies Inc,Healthcare,Biotechnology & Medical Research,Bio Therapeutic Drugs,United States of America,Small Cap 300M-2B,2014-07-31
423,CTVA,Corteva Inc,Consumer Non-Cyclicals,Food & Tobacco,Fishing & Farming (NEC),United States of America,Large Cap >10B,2019-05-24
424,ARWR,Arrowhead Pharmaceuticals Inc,Healthcare,Biotechnology & Medical Research,Bio Therapeutic Drugs,United States of America,Mid Cap 2-10B,1993-12-14
425,ASGN,ASGN Inc,Technology,Software & IT Services,IT Services & Consulting (NEC),United States of America,Mid Cap 2-10B,2012-08-31
426,VHC,VirnetX Holding Corp,Technology,Software & IT Services,IT Services & Consulting (NEC),United States of America,Small Cap 300M-2B,1999-07-29
427,XNCR,Xencor Inc,Healthcare,Biotechnology & Medical Research,Bio Therapeutic Drugs,United States of America,Mid Cap 2-10B,2013-12-03
428,AKAM,Akamai Technologies Inc,Technology,Software & IT Services,IT Services & Consulting (NEC),United States of America,Large Cap >10B,1999-10-29
429,CHKP,Check Point Software Technologies Ltd,Technology,Software & IT Services,Application Software,Israel,Large Cap >10B,1996-06-28
430,ATNI,ATN International Inc,Technology,Telecommunications Services,Integrated Telecommunications Services (NEC),United States of America,Small Cap 300M-2B,1991-11-14
431,DRNA,Dicerna Pharmaceuticals Inc,Healthcare,Biotechnology & Medical Research,Bio Therapeutic Drugs,United States of America,Small Cap 300M-2B,2014-01-30
432,IONS,Ionis Pharmaceuticals Inc,Healthcare,Biotechnology & Medical Research,Biotechnology & Medical Research (NEC),United States of America,Mid Cap 2-10B,1991-05-17
433,MIME,Mimecast Ltd,Technology,Software & IT Services,Internet Security & Transactions Services,United Kingdom,Mid Cap 2-10B,2015-11-19
434,ATRA,Atara Biotherapeutics Inc,Healthcare,Biotechnology & Medical Research,Bio Therapeutic Drugs,United States of America,Small Cap 300M-2B,2014-10-16
435,NLOK,NortonLifeLock Inc,Technology,Software & IT Services,Application Software,United States of America,Large Cap >10B,1989-06-23
436,FOLD,Amicus Therapeutics Inc,Healthcare,Biotechnology & Medical Research,Biotechnology & Medical Research (NEC),United States of America,Mid Cap 2-10B,2007-05-31
437,RCKT,Rocket Pharmaceuticals Inc,Healthcare,Biotechnology & Medical Research,Bio Therapeutic Drugs,United States of America,Mid Cap 2-10B,2015-02-18
438,BMRN,Biomarin Pharmaceutical Inc,Healthcare,Pharmaceuticals,Biopharmaceuticals,United States of America,Large Cap >10B,2009-07-21
439,TCRR,TCR2 Therapeutics Inc,Healthcare,Biotechnology & Medical Research,Biotechnology & Medical Research (NEC),United States of America,Small Cap 300M-2B,2019-02-14
440,QURE,Uniqure NV,Healthcare,Biotechnology & Medical Research,Bio Therapeutic Drugs,Netherlands,Small Cap 300M-2B,2014-02-05
441,AVRO,AVROBIO Inc,Healthcare,Biotechnology & Medical Research,Bio Therapeutic Drugs,United States of America,Small Cap 300M-2B,2018-06-21
442,FLXN,Flexion Therapeutics Inc,Healthcare,Biotechnology & Medical Research,Bio Therapeutic Drugs,United States of America,Small Cap 300M-2B,2014-02-12
443,TECH,Bio-Techne Corp,Healthcare,Biotechnology & Medical Research,Biotechnology & Medical Research (NEC),United States of America,Large Cap >10B,1989-02-09
444,VRTX,Vertex Pharmaceuticals Inc,Healthcare,Biotechnology & Medical Research,Bio Therapeutic Drugs,United States of America,Large Cap >10B,1991-07-24
445,NVS,Novartis AG,Healthcare,Pharmaceuticals,Pharmaceuticals (NEC),Switzerland,Large Cap >10B,2001-05-07
446,REGN,Regeneron Pharmaceuticals Inc,Healthcare,Biotechnology & Medical Research,Bio Therapeutic Drugs,United States of America,Large Cap >10B,1991-01-01
447,SNY,Sanofi SA,Healthcare,Pharmaceuticals,Pharmaceuticals (NEC),France,Large Cap >10B,2002-07-01
448,BLI,Berkeley Lights Inc,Healthcare,Healthcare Equipment & Supplies,"Medical Equipment, Supplies & Distribution (NEC)",United States of America,Mid Cap 2-10B,2020-07-17
449,SGEN,Seagen Inc,Healthcare,Biotechnology & Medical Research,Biotechnology & Medical Research (NEC),United States of America,Large Cap >10B,2001-03-07
450,SRPT,Sarepta Therapeutics Inc,Healthcare,Biotechnology & Medical Research,Bio Therapeutic Drugs,United States of America,Mid Cap 2-10B,1997-06-04
451,OPRT,Oportun Financial Corp,Financials,Banking Services,Consumer Lending (NEC),United States of America,Small Cap 300M-2B,2019-09-26
452,ENIC,Enel Chile SA,Utilities,Electric Utilities & IPPs,Electric Utilities (NEC),Chile,Mid Cap 2-10B,2016-04-13
453,IDN,Intellicheck Inc,Technology,Software & IT Services,Software (NEC),United States of America,Micro cap,1999-11-19
454,ADYEN,Adyen NV,Technology,Financial Technology (Fintech) & Infrastructure,Financial Technology (Fintech) (NEC),Netherlands,Large Cap >10B,2018-06-13
455,3690,Meituan,Technology,Software & IT Services,E-commerce & Auction Services,China,Large Cap >10B,2018-09-20
456,AMZN,Amazon.com Inc,Consumer Cyclicals,Diversified Retail,Internet & Mail Order Department Stores,United States of America,Large Cap >10B,1997-05-15
457,SI,Silvergate Capital Corp,Financials,Banking Services,Corporate Banks,United States of America,Small Cap 300M-2B,2019-11-07
458,LSPD,Lightspeed POS Inc,Technology,Software & IT Services,Enterprise Software,Canada,Mid Cap 2-10B,2019-03-08
459,WDAY,Workday Inc,Technology,Software & IT Services,Application Software,United States of America,Large Cap >10B,2012-12-10
460,4689,Z Holdings Corp,Technology,Software & IT Services,Search Engines,Japan,Large Cap >10B,1997-11-04
461,6060,ZhongAn Online P & C Insurance Co Ltd,Financials,Insurance,Multiline Insurance & Brokers (NEC),China,Mid Cap 2-10B,2017-09-28
462,INTU,Intuit Inc,Technology,Software & IT Services,Enterprise Software,United States of America,Large Cap >10B,1993-03-12
463,PDD,Pinduoduo Inc,Technology,Software & IT Services,E-commerce & Auction Services,China,Large Cap >10B,2018-07-26
464,GWRE,Guidewire Software Inc,Technology,Software & IT Services,Enterprise Software,United States of America,Mid Cap 2-10B,2011-11-24
465,DSYJ,Discovery Ltd,Financials,Insurance,Life & Health Insurance (NEC),South Africa,Mid Cap 2-10B,1999-10-21
466,TCSq,TCS Group Holding PLC,Financials,Banking Services,Banks (NEC),Cyprus,Mid Cap 2-10B,2013-10-25
467,4477,Base Inc,Technology,Software & IT Services,E-commerce & Auction Services,Japan,Mid Cap 2-10B,2019-10-25
468,9923,Yeahka Ltd,Industrials,Professional & Commercial Services,Transaction & Payment Services,China,Mid Cap 2-10B,2020-06-01
469,HDB,HDFC Bank Ltd,Financials,Banking Services,Banks (NEC),India,Large Cap >10B,2001-07-23
470,VRSK,Verisk Analytics Inc,Technology,Software & IT Services,Technology Consulting & Outsourcing Services,United States of America,Large Cap >10B,2009-10-09
471,MKTX,Marketaxess Holdings Inc,Financials,Investment Banking & Investment Services,Financial & Commodity Market Operators & Service Providers (NEC),United States of America,Large Cap >10B,2004-11-05
472,KSPIq,Kaspi.kz AO,Financials,Banking Services,Retail & Mortgage Banks,Kazakhstan,Large Cap >10B,2018-05-28
473,8473,SBI Holdings Inc,Financials,Investment Banking & Investment Services,Diversified Investment Services,Japan,Mid Cap 2-10B,2000-12-01
474,6618,JD Health International Inc,Consumer Non-Cyclicals,Food & Drug Retailing,Drug Retailers (NEC),China,Large Cap >10B,2020-12-08
475,IBKR,Interactive Brokers Group Inc,Financials,Investment Banking & Investment Services,Brokerage Services,United States of America,Large Cap >10B,2007-05-04
476,SFIX,Stitch Fix Inc,Technology,Software & IT Services,E-commerce & Auction Services,United States of America,Large Cap >10B,2017-11-17
477,QRTEA,Qurate Retail Inc,Consumer Cyclicals,Diversified Retail,Internet & Mail Order Department Stores,United States of America,Mid Cap 2-10B,1991-03-28
478,RVLV,Revolve Group Inc,Consumer Cyclicals,Diversified Retail,Internet & Mail Order Department Stores,United States of America,Mid Cap 2-10B,2019-06-07
479,REAL,RealReal Inc,Consumer Cyclicals,Diversified Retail,Internet & Mail Order Department Stores,United States of America,Mid Cap 2-10B,2019-06-28
480,LE,Lands End Inc,Consumer Cyclicals,Specialty Retailers,Apparel & Accessories Retailers (NEC),United States of America,Small Cap 300M-2B,1986-10-03
481,GRPN,Groupon Inc,Consumer Cyclicals,Diversified Retail,Internet & Mail Order Discount Stores,United States of America,Small Cap 300M-2B,2011-11-04
482,TRIP,Tripadvisor Inc,Consumer Cyclicals,Hotels & Entertainment Services,Travel Agents,United States of America,Mid Cap 2-10B,2011-12-21
483,CHWY,Chewy Inc,Consumer Cyclicals,Specialty Retailers,Pet & Pet Supplies Retailers,United States of America,Large Cap >10B,2019-06-14
484,FLWS,1-800-Flowers.Com Inc,Consumer Cyclicals,Specialty Retailers,Miscellaneous Specialty Retailers (NEC),United States of America,Small Cap 300M-2B,1999-08-03
485,ETSY,ETSY Inc,Consumer Cyclicals,Diversified Retail,Internet & Mail Order Department Stores,United States of America,Large Cap >10B,2015-04-16
486,CVNA,Carvana Co,Consumer Cyclicals,Specialty Retailers,Used Car Dealers,United States of America,Large Cap >10B,2017-04-28
487,EXPE,Expedia Group Inc,Consumer Cyclicals,Hotels & Entertainment Services,Travel Agents,United States of America,Large Cap >10B,2005-08-09
488,PETS,Petmed Express Inc,Consumer Non-Cyclicals,Food & Drug Retailing,Retail - Drugs without Grocery,United States of America,Small Cap 300M-2B,2000-04-06
489,CHGG,Chegg Inc,Industrials,Professional & Commercial Services,Education & Training Information Providers,United States of America,Large Cap >10B,2013-11-13
490,EBAY,eBay Inc,Technology,Software & IT Services,E-commerce & Auction Services,United States of America,Large Cap >10B,1998-09-23
491,BKNG,Booking Holdings Inc,Consumer Cyclicals,Hotels & Entertainment Services,Travel Agents,United States of America,Large Cap >10B,1999-03-29
492,W,Wayfair Inc,Consumer Cyclicals,Diversified Retail,Internet & Mail Order Department Stores,United States of America,Large Cap >10B,2014-10-02
493,STMP,Stamps.Com Inc,Technology,Software & IT Services,Online Services (NEC),United States of America,Mid Cap 2-10B,1999-06-25
494,GRUB,GrubHub Inc,Technology,Software & IT Services,Mobile Application Software,United States of America,Mid Cap 2-10B,2014-04-03
495,BIGC,"Bigcommerce Holdings, Inc.",Technology,Software & IT Services,Software (NEC),United States of America,Mid Cap 2-10B,2020-08-05
496,SSTK,Shutterstock Inc,Technology,Software & IT Services,Online Services (NEC),United States of America,Mid Cap 2-10B,2012-11-10
497,CPRT,Copart Inc,Consumer Cyclicals,Specialty Retailers,Used Car Dealers,United States of America,Large Cap >10B,1994-03-17
498,VRM,Vroom Inc,Technology,Software & IT Services,Online Services (NEC),United States of America,Mid Cap 2-10B,2020-06-09
499,FTCH,Farfetch Ltd,Technology,Software & IT Services,E-commerce & Auction Services,United Kingdom,Large Cap >10B,2018-09-21
500,HFGG,Hellofresh SE,Consumer Non-Cyclicals,Food & Drug Retailing,Food Retail & Distribution (NEC),Germany,Large Cap >10B,2017-11-02
501,MMYT,MakeMyTrip Ltd,Consumer Cyclicals,Hotels & Entertainment Services,Travel Agents,India,Mid Cap 2-10B,2010-08-12
502,ZO1G,Zooplus AG,Consumer Cyclicals,Specialty Retailers,Pet & Pet Supplies Retailers,Germany,Small Cap 300M-2B,2008-05-09
503,FVRR,Fiverr International Ltd,Technology,Software & IT Services,E-commerce & Auction Services,Israel,Mid Cap 2-10B,2019-06-13
504,VIPS,Vipshop Holdings Ltd,Technology,Software & IT Services,E-commerce & Auction Services,China,Large Cap >10B,2012-03-23
505,DHER,Delivery Hero SE,Technology,Software & IT Services,Online Services (NEC),Germany,Large Cap >10B,2017-06-30
506,DADA,Dada Nexus Ltd,Technology,Software & IT Services,E-commerce & Auction Services,China,Mid Cap 2-10B,2020-06-05
507,OCDO,Ocado Group PLC,Consumer Cyclicals,Diversified Retail,Internet & Mail Order Discount Stores,United Kingdom,Large Cap >10B,2010-07-21
508,ZALG,Zalando SE,Consumer Cyclicals,Specialty Retailers,Apparel & Accessories Retailers (NEC),Germany,Large Cap >10B,2014-10-01
509,CMPR,Cimpress PLC,Industrials,Professional & Commercial Services,Commercial Printing Services (NEC),Ireland; Republic of,Mid Cap 2-10B,2019-12-05
510,3092,ZOZO Inc,Consumer Cyclicals,Diversified Retail,Internet & Mail Order Department Stores,Japan,Mid Cap 2-10B,2007-12-11
511,TCOM,Trip.com Group Ltd,Consumer Cyclicals,Hotels & Entertainment Services,Travel Agents,China,Large Cap >10B,2003-12-09
512,ASOS,ASOS PLC,Consumer Cyclicals,Diversified Retail,Internet & Mail Order Department Stores,United Kingdom,Mid Cap 2-10B,2001-10-03
513,4755,Rakuten Inc,Technology,Software & IT Services,E-commerce & Auction Services,Japan,Large Cap >10B,2000-04-19
514,TKWY,Just Eat Takeaway.com NV,Technology,Software & IT Services,Online Services (NEC),Netherlands,Large Cap >10B,2016-09-30
515,2678,Askul Corp,Industrials,Professional & Commercial Services,Business Support Supplies (NEC),Japan,Small Cap 300M-2B,2000-11-21
516,AO,AO World PLC,Technology,Software & IT Services,E-commerce & Auction Services,United Kingdom,Mid Cap 2-10B,2014-02-26
518,0700,Tencent Holdings Ltd,Technology,Software & IT Services,Online Services (NEC),China,Large Cap >10B,2004-06-16
519,NPNJn,Naspers Ltd,Technology,Software & IT Services,Online Services (NEC),South Africa,Large Cap >10B,1994-09-13
520,PRX,Prosus NV,Technology,Software & IT Services,Online Services (NEC),Netherlands,Large Cap >10B,2019-09-11
521,LU,Lufax Holding Ltd,Technology,Financial Technology (Fintech) & Infrastructure,Business to Consumer,China,Large Cap >10B,2020-10-30
522,035420,Naver Corp,Technology,Software & IT Services,Search Engines,Korea; Republic (S. Korea),Large Cap >10B,2008-11-28
523,035720,Kakao Corp,Technology,Software & IT Services,Online Services (NEC),Korea; Republic (S. Korea),Large Cap >10B,1999-11-11
524,STNE,StoneCo Ltd,Technology,Financial Technology (Fintech) & Infrastructure,Financial Technology (Fintech) (NEC),Brazil,Large Cap >10B,2018-10-25
525,MGLU3,Magazine Luiza SA,Consumer Cyclicals,Diversified Retail,Department Stores (NEC),Brazil,Large Cap >10B,2011-04-28
526,0241,Alibaba Health Information Technology Ltd,Healthcare,Healthcare Equipment & Supplies,Medical Software & Technology Services,Hong Kong,Large Cap >10B,1972-07-06
527,036570,NCSOFT Corp,Technology,Software & IT Services,Internet Gaming,Korea; Republic (S. Korea),Large Cap >10B,2003-05-22
528,0268,Kingdee International Software Group Co Ltd,Technology,Software & IT Services,Software (NEC),China,Large Cap >10B,2005-07-20
529,KC,Kingsoft Cloud Holdings Ltd,Technology,Software & IT Services,IT Services & Consulting (NEC),China,Large Cap >10B,2020-05-04
530,OZON,Ozon Holdings PLC,Technology,Electronic Equipment & Parts,Electronic Components,Cyprus,Large Cap >10B,2020-11-24
531,ATHM,Autohome Inc,Consumer Cyclicals,Media & Publishing,Advertising & Marketing (NEC),China,Large Cap >10B,2013-12-11
532,3888,Kingsoft Corp Ltd,Technology,Software & IT Services,Software (NEC),China,Large Cap >10B,2007-10-09
533,GSX,GSX Techedu Inc,Academic & Educational Services,Miscellaneous Educational Service Providers,Miscellaneous Educational Service Providers,China,Large Cap >10B,2019-06-06
534,ALEP,Allegro.eu SA,Technology,Software & IT Services,Online Services (NEC),Luxembourg,Large Cap >10B,2020-10-12
535,8083,China Youzan Ltd,Technology,Software & IT Services,Software (NEC),Hong Kong,Mid Cap 2-10B,2000-04-14
536,1833,Ping An Healthcare and Technology Co Ltd,Healthcare,Healthcare Providers & Services,Healthcare Facilities & Services (NEC),China,Large Cap >10B,2018-05-04
537,MAILRq,Mail ru Group Ltd,Technology,Software & IT Services,Online Services (NEC),Cyprus,Mid Cap 2-10B,2010-11-05
538,INED,Info Edge (India) Ltd,Technology,Software & IT Services,Online Services (NEC),India,Mid Cap 2-10B,2006-11-21
539,FUTU,Futu Holdings Ltd,Technology,Financial Technology (Fintech) & Infrastructure,Financial Technology (Fintech) (NEC),Hong Kong,Large Cap >10B,2019-03-08
540,0772,China Literature Ltd,Consumer Cyclicals,Media & Publishing,Digital Publishing,China,Mid Cap 2-10B,2017-11-08
541,BTOW3,B2W Companhia Digital,Consumer Cyclicals,Diversified Retail,Internet & Mail Order Department Stores,Brazil,Mid Cap 2-10B,2007-08-08
542,MCGJ,MultiChoice Group Ltd,Consumer Cyclicals,Media & Publishing,Entertainment Production (NEC),South Africa,Mid Cap 2-10B,2019-02-27
543,JOBS,51job Inc,Industrials,Professional & Commercial Services,Employment Services (NEC),China,Mid Cap 2-10B,2004-09-30
544,2013,Weimob Inc,Technology,Software & IT Services,Software (NEC),China,Mid Cap 2-10B,2019-01-15
545,YALA,Yalla Group Ltd,Technology,Software & IT Services,Online Services (NEC),United Arab Emirates,Mid Cap 2-10B,2020-09-30
546,VNET,21Vianet Group Inc,Technology,Software & IT Services,IT Services & Consulting (NEC),China,Mid Cap 2-10B,2011-04-21
547,BZUN,Baozun Inc,Technology,Software & IT Services,Online Services (NEC),China,Mid Cap 2-10B,2015-05-21
548,SINA,SINA Corp,Technology,Software & IT Services,Social Media & Networking,China,Mid Cap 2-10B,2000-04-01
549,1060,Alibaba Pictures Group Ltd,Consumer Cyclicals,Media & Publishing,"Movie, TV Production & Distribution",Hong Kong,Mid Cap 2-10B,1994-05-12
550,LWSA3,Locaweb Servicos de Internet SA,Technology,Software & IT Services,IT Services & Consulting (NEC),Brazil,Mid Cap 2-10B,
551,2982,HengTen Networks Group Ltd,Technology,Software & IT Services,E-commerce & Auction Services,Hong Kong,Mid Cap 2-10B,1997-09-25
552,293490,Kakao Games Corp,Technology,Software & IT Services,Online Services (NEC),Korea; Republic (S. Korea),Mid Cap 2-10B,2020-09-10
553,035760,CJ ENM Co Ltd,Consumer Cyclicals,Diversified Retail,Department Stores (NEC),Korea; Republic (S. Korea),Mid Cap 2-10B,1999-11-23
554,8454,Momo Com Inc,Consumer Cyclicals,Diversified Retail,Internet & Mail Order Department Stores,Taiwan,Mid Cap 2-10B,2014-02-27
555,078340,Com2uS Corp,Consumer Cyclicals,Leisure Products,"Games, Toys & Children's Vehicles",Korea; Republic (S. Korea),Small Cap 300M-2B,2007-07-06
556,0780,Tongcheng-Elong Holdings Ltd,Consumer Cyclicals,Hotels & Entertainment Services,Travel Agents,China,Mid Cap 2-10B,2018-11-26
557,QFIN,360 DigiTech Inc,Financials,Banking Services,Consumer Lending (NEC),China,Mid Cap 2-10B,2018-12-14
558,ROUT,Route Mobile Ltd,Technology,Telecommunications Services,Integrated Telecommunications Services (NEC),India,Small Cap 300M-2B,2020-09-21
559,2400,XD Inc,Technology,Software & IT Services,Internet Gaming,China,Mid Cap 2-10B,2019-12-12
560,HHR,HeadHunter Group PLC,Industrials,Professional & Commercial Services,Outsourcing & Staffing Services,Cyprus,Small Cap 300M-2B,2019-05-09
561,SY,So-Young International Inc,Technology,Software & IT Services,Online Services (NEC),China,Small Cap 300M-2B,2019-05-02
562,1797,Koolearn Technology Holding Ltd,Academic & Educational Services,Miscellaneous Educational Service Providers,Miscellaneous Educational Service Providers,China,Mid Cap 2-10B,2019-03-28
563,AFYA,Afya Ltd,Academic & Educational Services,Professional & Business Education,Professional & Business Education,Brazil,Mid Cap 2-10B,2019-07-19
564,2858,Yixin Group Ltd,Financials,Banking Services,Consumer Leasing,China,Mid Cap 2-10B,2017-11-16
565,1896,Maoyan Entertainment,Technology,Software & IT Services,E-commerce & Auction Services,China,Small Cap 300M-2B,2019-02-04
566,DESP,Despegar.com Corp,Consumer Cyclicals,Hotels & Entertainment Services,Travel Agents,Argentina,Small Cap 300M-2B,2019-03-07
567,181710,NHN Corp,Consumer Cyclicals,Leisure Products,"Games, Toys & Children's Vehicles",Korea; Republic (S. Korea),Small Cap 300M-2B,2013-08-29
568,CVCB3,CVC Brasil Operadora e Agencia de Viagens SA,Consumer Cyclicals,Hotels & Entertainment Services,Leisure & Recreation (NEC),Brazil,Small Cap 300M-2B,2013-12-09
569,SOGO,Sogou Inc,Technology,Software & IT Services,Search Engines,China,Mid Cap 2-10B,2017-11-09
570,QTT,Qutoutiao Inc,Technology,Software & IT Services,Mobile Application Software,China,Small Cap 300M-2B,2018-09-14
571,069080,Webzen Inc,Consumer Cyclicals,Leisure Products,"Games, Toys & Children's Vehicles",Korea; Republic (S. Korea),Small Cap 300M-2B,2003-05-23
572,0777,Netdragon Websoft Holdings Ltd,Technology,Software & IT Services,Application Software,China,Small Cap 300M-2B,2008-06-24
573,SOMA3,Grupo de Moda SOMA SA,Consumer Cyclicals,Specialty Retailers,Apparel & Accessories Retailers (NEC),Brazil,Small Cap 300M-2B,2020-07-31
574,DUO,Fangdd Network Group Ltd,Real Estate,Real Estate Operations,Real Estate Services (NEC),China,Small Cap 300M-2B,2019-11-01
575,067160,AfreecaTV Co Ltd,Technology,Software & IT Services,Online Services (NEC),Korea; Republic (S. Korea),Small Cap 300M-2B,2003-12-19
576,1357,Meitu Inc,Consumer Cyclicals,Media & Publishing,Advertising & Marketing (NEC),China,Small Cap 300M-2B,2016-12-15
577,042000,Cafe24 Corp,Technology,Software & IT Services,E-commerce & Auction Services,Korea; Republic (S. Korea),Small Cap 300M-2B,2018-02-08
578,DNK,Phoenix Tree Holdings Ltd,Real Estate,Real Estate Operations,"Real Estate Rental, Development & Operations (NEC)",China,Small Cap 300M-2B,2020-01-17
579,JUST,Just Dial Ltd,Technology,Software & IT Services,Online Services (NEC),India,Small Cap 300M-2B,2013-06-05
580,8044,PChome Online Inc,Technology,Software & IT Services,E-commerce & Auction Services,Taiwan,Small Cap 300M-2B,2003-01-21
581,035600,KGInicis Co Ltd,Technology,Software & IT Services,Internet Security & Transactions Services,Korea; Republic (S. Korea),Small Cap 300M-2B,2002-11-22
582,YJ,Yunji Inc,Technology,Software & IT Services,E-commerce & Auction Services,China,Small Cap 300M-2B,2019-05-03
583,BLCT,BlueCity Holdings Ltd,Technology,Software & IT Services,IT Services & Consulting (NEC),China,Small Cap 300M-2B,2020-07-08
584,VCRA,Vocera Communications Inc,Technology,Communications & Networking,Communications & Networking (NEC),United States of America,Small Cap 300M-2B,2012-03-28
585,2049,Hiwin Technologies Corp,Industrials,"Machinery, Tools, Heavy Vehicles, Trains & Ships",Industrial Components,Taiwan,Mid Cap 2-10B,2007-06-20
586,ILMN,Illumina Inc,Healthcare,Healthcare Equipment & Supplies,Advanced Medical Equipment & Technology (NEC),United States of America,Large Cap >10B,2000-07-28
587,MANH,Manhattan Associates Inc,Technology,Software & IT Services,IT Services & Consulting (NEC),United States of America,Mid Cap 2-10B,1998-04-23
588,6861,Keyence Corp,Industrials,"Machinery, Tools, Heavy Vehicles, Trains & Ships",Electrical Components & Equipment (NEC),Japan,Large Cap >10B,1987-10-01
589,KRNG,Krones AG,Industrials,"Machinery, Tools, Heavy Vehicles, Trains & Ships",Industrial Machinery,Germany,Mid Cap 2-10B,1984-01-01
590,6506,Yaskawa Electric Corp,Industrials,"Machinery, Tools, Heavy Vehicles, Trains & Ships",Electrical Components & Equipment (NEC),Japan,Large Cap >10B,1949-05-16
591,KARN,Kardex Holding AG,Industrials,"Machinery, Tools, Heavy Vehicles, Trains & Ships",Elevator & Conveying Equipment,Switzerland,Small Cap 300M-2B,2009-04-23
592,CGNX,Cognex Corp,Industrials,"Machinery, Tools, Heavy Vehicles, Trains & Ships",Testing & Measuring Equipment,United States of America,Large Cap >10B,1989-07-20
593,6954,Fanuc Corp,Industrials,"Machinery, Tools, Heavy Vehicles, Trains & Ships",Industrial Machinery & Equipment (NEC),Japan,Large Cap >10B,1976-11-04
594,PRSMB,Blue Prism Group PLC,Technology,Software & IT Services,Enterprise Software,United Kingdom,Mid Cap 2-10B,2016-03-18
595,NOW,ServiceNow Inc,Technology,Software & IT Services,Enterprise Software,United States of America,Large Cap >10B,2012-06-29
596,098460,Kohyoung Technology Inc,Technology,Semiconductors & Semiconductor Equipment,Semiconductor Equipment & Testing (NEC),Korea; Republic (S. Korea),Small Cap 300M-2B,2008-06-03
597,ZBRA,Zebra Technologies Corp,Technology,Electronic Equipment & Parts,Electronic Equipment & Parts (NEC),United States of America,Large Cap >10B,1991-08-15
598,ROK,Rockwell Automation Inc,Industrials,"Machinery, Tools, Heavy Vehicles, Trains & Ships",Electrical Components & Equipment (NEC),United States of America,Large Cap >10B,1956-08-29
599,6645,Omron Corp,Industrials,"Machinery, Tools, Heavy Vehicles, Trains & Ships",Electrical Components & Equipment (NEC),Japan,Large Cap >10B,1962-04-01
600,6383,Daifuku Co Ltd,Industrials,"Machinery, Tools, Heavy Vehicles, Trains & Ships",Elevator & Conveying Equipment,Japan,Large Cap >10B,1961-10-01
601,6324,Harmonic Drive Systems Inc,Industrials,"Machinery, Tools, Heavy Vehicles, Trains & Ships",Industrial Components,Japan,Mid Cap 2-10B,1998-03-20
602,3443,Global Unichip Corp,Technology,Semiconductors & Semiconductor Equipment,Integrated Circuits,Taiwan,Small Cap 300M-2B,2004-12-24
603,BEAT,BioTelemetry Inc,Healthcare,Healthcare Providers & Services,Healthcare Facilities & Services (NEC),United States of America,Mid Cap 2-10B,
604,1590,Airtac International Group,Industrials,"Machinery, Tools, Heavy Vehicles, Trains & Ships",Industrial Machinery & Equipment (NEC),China,Mid Cap 2-10B,2010-12-13
605,HOLI,Hollysys Automation Technologies Ltd,Industrials,"Machinery, Tools, Heavy Vehicles, Trains & Ships",Electrical Components & Equipment (NEC),China,Small Cap 300M-2B,2008-08-01
606,DE,Deere & Co,Industrials,"Machinery, Tools, Heavy Vehicles, Trains & Ships",Agricultural Machinery,United States of America,Large Cap >10B,1933-06-29
607,2308,Delta Electronics Inc,Industrials,"Machinery, Tools, Heavy Vehicles, Trains & Ships",Electrical Components & Equipment (NEC),Taiwan,Large Cap >10B,1988-12-19
608,SIEGn,Siemens AG,Consumer Non-Cyclicals,Consumer Goods Conglomerates,Consumer Goods Conglomerates,Germany,Large Cap >10B,2008-02-25
609,RAVN,Raven Industries Inc,Consumer Non-Cyclicals,Consumer Goods Conglomerates,Consumer Goods Conglomerates,United States of America,Small Cap 300M-2B,1980-03-17
610,JENGn,Jenoptik AG,Industrials,"Machinery, Tools, Heavy Vehicles, Trains & Ships",Industrial Machinery & Equipment (NEC),Germany,Small Cap 300M-2B,1998-06-16
611,6841,Yokogawa Electric Corp,Industrials,"Machinery, Tools, Heavy Vehicles, Trains & Ships",Industrial Machinery & Equipment (NEC),Japan,Mid Cap 2-10B,1949-05-16
612,DUEG,Duerr AG,Industrials,"Machinery, Tools, Heavy Vehicles, Trains & Ships",Industrial Machinery & Equipment (NEC),Germany,Mid Cap 2-10B,1990-01-04
613,EKTAb,Elekta AB (publ),Healthcare,Healthcare Equipment & Supplies,Advanced Medical Equipment & Technology (NEC),Sweden,Mid Cap 2-10B,1994-03-01
614,2395,Advantech Co Ltd,Technology,"Computers, Phones & Household Electronics",Laptop & Desktop Computers,Taiwan,Mid Cap 2-10B,1999-12-13
615,ABBN,Abb Ltd,Industrials,"Machinery, Tools, Heavy Vehicles, Trains & Ships",Heavy Electrical Equipment (NEC),Switzerland,Large Cap >10B,2001-05-07
616,CDNS,Cadence Design Systems Inc,Technology,Software & IT Services,Software (NEC),United States of America,Large Cap >10B,1988-06-01
617,CGCBV,Cargotec Corp,Industrials,"Machinery, Tools, Heavy Vehicles, Trains & Ships",Heavy Machinery & Vehicles (NEC),Finland,Mid Cap 2-10B,2005-06-01
618,RSW,Renishaw PLC,Industrials,"Machinery, Tools, Heavy Vehicles, Trains & Ships",Testing & Measuring Equipment,United Kingdom,Mid Cap 2-10B,1986-01-02
619,6268,Nabtesco Corp,Industrials,"Machinery, Tools, Heavy Vehicles, Trains & Ships",Industrial Machinery & Equipment (NEC),Japan,Mid Cap 2-10B,2003-09-29
620,DAST,Dassault Systemes SE,Technology,Software & IT Services,Software (NEC),France,Large Cap >10B,1996-07-28
621,NUAN,Nuance Communications Inc,Technology,Software & IT Services,Software (NEC),United States of America,Large Cap >10B,1995-12-11
622,SCHN,Schneider Electric SE,Industrials,"Machinery, Tools, Heavy Vehicles, Trains & Ships",Electrical Components & Equipment (NEC),France,Large Cap >10B,1985-01-07
623,KGX,Kion Group AG,Industrials,"Machinery, Tools, Heavy Vehicles, Trains & Ships",Heavy Machinery & Vehicles (NEC),Germany,Large Cap >10B,2013-06-28
624,FARO,FARO Technologies Inc,Technology,Electronic Equipment & Parts,Advanced Electronic Equipment,United States of America,Small Cap 300M-2B,1997-09-18
625,HEXAb,Hexagon AB,Technology,Electronic Equipment & Parts,Electronic Equipment & Parts (NEC),Sweden,Large Cap >10B,1905-06-10
626,6134,Fuji Corp (Aichi),Industrials,"Machinery, Tools, Heavy Vehicles, Trains & Ships",Industrial Machinery,Japan,Mid Cap 2-10B,1964-05-25
627,TECN,Tecan Group AG,Technology,Office Equipment,Scientific & Precision Equipment,Switzerland,Mid Cap 2-10B,2001-05-04
628,6201,Toyota Industries Corp,Consumer Cyclicals,Automobiles & Auto Parts,Auto & Truck Manufacturers (NEC),Japan,Large Cap >10B,1949-05-16
629,NOVT,Novanta Inc,Technology,Electronic Equipment & Parts,Electronic Components,United States of America,Mid Cap 2-10B,1999-03-24
630,NATI,National Instruments Corp,Technology,Software & IT Services,Software (NEC),United States of America,Mid Cap 2-10B,1995-03-14
631,6503,Mitsubishi Electric Corp,Consumer Non-Cyclicals,Consumer Goods Conglomerates,Consumer Goods Conglomerates,Japan,Large Cap >10B,1949-05-16
632,6622,Daihen Corp,Industrials,"Machinery, Tools, Heavy Vehicles, Trains & Ships",Heavy Electrical Equipment (NEC),Japan,Small Cap 300M-2B,1953-11-04
633,6273,SMC Corp,Industrials,"Machinery, Tools, Heavy Vehicles, Trains & Ships",Testing & Measuring Equipment,Japan,Large Cap >10B,1987-12-23
634,G1AG,GEA Group AG,Industrials,"Machinery, Tools, Heavy Vehicles, Trains & Ships",Industrial Machinery & Equipment (NEC),Germany,Mid Cap 2-10B,1997-11-28
635,QCOM,Qualcomm Inc,Technology,Semiconductors & Semiconductor Equipment,Semiconductors (NEC),United States of America,Large Cap >10B,1991-12-01
636,ATA,ATS Automation Tooling Systems Inc,Industrials,"Machinery, Tools, Heavy Vehicles, Trains & Ships",Industrial Machinery & Equipment (NEC),Canada,Small Cap 300M-2B,1993-12-22
637,6481,THK Co Ltd,Industrials,"Machinery, Tools, Heavy Vehicles, Trains & Ships",Industrial Machinery & Equipment (NEC),Japan,Mid Cap 2-10B,2001-02-26
638,6436,Amano Corp,Technology,Office Equipment,Office Technology Equipment,Japan,Small Cap 300M-2B,1961-10-02
639,MCHP,Microchip Technology Inc,Technology,Semiconductors & Semiconductor Equipment,Semiconductors (NEC),United States of America,Large Cap >10B,1993-03-19
640,NDSN,Nordson Corp,Industrials,"Machinery, Tools, Heavy Vehicles, Trains & Ships",Industrial Machinery,United States of America,Large Cap >10B,1980-03-18
641,6914,Optex Group Co Ltd,Industrials,"Machinery, Tools, Heavy Vehicles, Trains & Ships",Electrical Components & Equipment (NEC),Japan,Small Cap 300M-2B,2001-08-29
642,LAZR,Luminar Technologies Inc,Technology,Electronic Equipment & Parts,Electronic Components,United States of America,Large Cap >10B,2019-02-01
643,6104,Shibaura Machine Co Ltd,Industrials,"Machinery, Tools, Heavy Vehicles, Trains & Ships",Industrial Machinery & Equipment (NEC),Japan,Small Cap 300M-2B,1949-08-01
644,002230,Iflytek Co Ltd,Technology,Software & IT Services,Application Software,China,Large Cap >10B,2008-05-12
645,300124,Shenzhen Inovance Technology Co Ltd,Industrials,"Machinery, Tools, Heavy Vehicles, Trains & Ships",Electrical Components & Equipment (NEC),China,Large Cap >10B,2010-09-28
646,002008,Han's Laser Technology Industry Group Co Ltd,Industrials,"Machinery, Tools, Heavy Vehicles, Trains & Ships",Welding & Soldering Equipment,China,Mid Cap 2-10B,2004-06-25
647,300024,SIASUN Robot & Automation Co Ltd,Industrials,"Machinery, Tools, Heavy Vehicles, Trains & Ships",Industrial Machinery & Equipment (NEC),China,Mid Cap 2-10B,2009-10-30
648,LRCX,Lam Research Corp,Technology,Semiconductors & Semiconductor Equipment,Semiconductor Equipment & Testing (NEC),United States of America,Large Cap >10B,1984-05-11
649,ASML,ASML Holding NV,Technology,Semiconductors & Semiconductor Equipment,Semiconductor Equipment & Testing (NEC),Netherlands,Large Cap >10B,1995-02-01
650,MRVL,Marvell Technology Group Ltd,Technology,Semiconductors & Semiconductor Equipment,Semiconductors (NEC),Bermuda,Large Cap >10B,2000-06-27
651,XLNX,Xilinx Inc,Technology,Semiconductors & Semiconductor Equipment,Semiconductors (NEC),United States of America,Large Cap >10B,1990-06-01
652,SWKS,Skyworks Solutions Inc,Technology,Semiconductors & Semiconductor Equipment,Integrated Circuits,United States of America,Large Cap >10B,2002-07-03
653,MPWR,Monolithic Power Systems Inc,Technology,Semiconductors & Semiconductor Equipment,Semiconductors (NEC),United States of America,Large Cap >10B,2004-11-24
654,ENTG,Entegris Inc,Technology,Semiconductors & Semiconductor Equipment,Semiconductor Equipment & Testing (NEC),United States of America,Large Cap >10B,2000-07-11
655,CREE,Cree Inc,Technology,Semiconductors & Semiconductor Equipment,Semiconductors (NEC),United States of America,Large Cap >10B,1993-02-09
656,IPHI,Inphi Corp,Technology,Semiconductors & Semiconductor Equipment,Semiconductors (NEC),United States of America,Mid Cap 2-10B,2010-11-11
657,MKSI,MKS Instruments Inc,Industrials,"Machinery, Tools, Heavy Vehicles, Trains & Ships",Testing & Measuring Equipment,United States of America,Mid Cap 2-10B,1999-03-30
658,LSCC,Lattice Semiconductor Corp,Technology,Semiconductors & Semiconductor Equipment,Semiconductors (NEC),United States of America,Mid Cap 2-10B,1989-11-09
659,CCMP,CMC Materials Inc,Technology,Semiconductors & Semiconductor Equipment,Semiconductors (NEC),United States of America,Mid Cap 2-10B,2000-04-04
661,SPT,Sprout Social Inc,Technology,Software & IT Services,Software (NEC),United States of America,Mid Cap 2-10B,2019-12-13
662,WK,Workiva Inc,Technology,Software & IT Services,Enterprise Software,United States of America,Mid Cap 2-10B,2014-12-12
663,BL,Blackline Inc,Technology,Software & IT Services,Software (NEC),United States of America,Mid Cap 2-10B,2016-10-28
664,ZEN,Zendesk Inc,Technology,Software & IT Services,Application Software,United States of America,Large Cap >10B,2014-05-15
665,DOMO,Domo Inc,Technology,Software & IT Services,Enterprise Software,United States of America,Small Cap 300M-2B,2018-06-29
666,RP,RealPage Inc,Technology,Software & IT Services,Enterprise Software,United States of America,Mid Cap 2-10B,2010-08-12
667,SMAR,Smartsheet Inc,Technology,Software & IT Services,Enterprise Software,United States of America,Mid Cap 2-10B,2018-04-27
668,ESTC,Elastic NV,Technology,Software & IT Services,Programming Software & Testing Tools,Netherlands,Large Cap >10B,2018-10-05
669,PCTY,Paylocity Holding Corp,Technology,Software & IT Services,Software (NEC),United States of America,Large Cap >10B,2014-03-19
670,PLAN,Anaplan Inc,Technology,Software & IT Services,Cloud Computing Services,United States of America,Mid Cap 2-10B,2018-10-12
671,PAYC,Paycom Software Inc,Technology,Software & IT Services,Enterprise Software,United States of America,Large Cap >10B,2014-04-15
672,FIVN,Five9 Inc,Technology,Software & IT Services,Application Software,United States of America,Large Cap >10B,2014-04-04
673,NEWR,New Relic Inc,Technology,Software & IT Services,Application Software,United States of America,Mid Cap 2-10B,2014-12-12
674,MDLA,Medallia Inc,Technology,Software & IT Services,Enterprise Software,United States of America,Mid Cap 2-10B,2019-07-19
675,BILL,Bill.com Holdings Inc,Technology,Software & IT Services,Software (NEC),United States of America,Mid Cap 2-10B,2019-12-12
676,ZUO,Zuora Inc,Technology,Software & IT Services,Enterprise Software,United States of America,Small Cap 300M-2B,2018-04-12
677,AVLR,Avalara Inc,Technology,Software & IT Services,Application Software,United States of America,Large Cap >10B,2018-06-15
678,DDOG,Datadog Inc,Technology,Software & IT Services,Application Software,United States of America,Large Cap >10B,2019-09-19
679,DBX,Dropbox Inc,Technology,Software & IT Services,Application Software,United States of America,Mid Cap 2-10B,2018-03-23
680,SVMK,SVMK Inc,Technology,Software & IT Services,Software (NEC),United States of America,Mid Cap 2-10B,2018-09-26
681,VEEV,Veeva Systems Inc,Healthcare,Healthcare Equipment & Supplies,Medical Software & Technology Services,United States of America,Large Cap >10B,2013-10-16
682,COUP,Coupa Software Inc,Technology,Software & IT Services,Software (NEC),United States of America,Large Cap >10B,2016-10-06
683,PS,Pluralsight Inc,Technology,Software & IT Services,IT Services & Consulting (NEC),United States of America,Mid Cap 2-10B,2018-05-17
684,BOX,Box Inc,Technology,Software & IT Services,Application Software,United States of America,Mid Cap 2-10B,2015-01-23
685,EVBG,Everbridge Inc,Technology,Software & IT Services,Software (NEC),United States of America,Mid Cap 2-10B,2016-09-16
686,YEXT,Yext Inc,Technology,Software & IT Services,Online Services (NEC),United States of America,Mid Cap 2-10B,2017-04-13
687,APPF,Appfolio Inc,Technology,Software & IT Services,Enterprise Software,United States of America,Mid Cap 2-10B,2015-06-26
688,WIX,Wix.Com Ltd,Technology,Software & IT Services,Application Software,Israel,Large Cap >10B,2013-11-06
689,CSGP,CoStar Group Inc,Technology,Software & IT Services,Online Services (NEC),United States of America,Large Cap >10B,1998-07-01
690,VRSN,Verisign Inc,Technology,Software & IT Services,IT Services & Consulting (NEC),United States of America,Large Cap >10B,1998-01-29
691,GDDY,GoDaddy Inc,Technology,Software & IT Services,IT Services & Consulting (NEC),United States of America,Large Cap >10B,2015-04-02
692,OTEX,Open Text Corp,Technology,Software & IT Services,Enterprise Software,Canada,Large Cap >10B,1998-06-26
693,RDFN,Redfin Corp,Real Estate,Real Estate Operations,Residential Real Estate Services,United States of America,Mid Cap 2-10B,2017-07-28
694,JCOM,j2 Global Inc,Technology,Telecommunications Services,Integrated Telecommunications Services (NEC),United States of America,Mid Cap 2-10B,1982-09-16
695,ENV,Envestnet Inc,Technology,Software & IT Services,Enterprise Software,United States of America,Mid Cap 2-10B,2010-07-29
696,LPSN,LivePerson Inc,Technology,Software & IT Services,IT Services & Consulting (NEC),United States of America,Mid Cap 2-10B,2000-04-07
697,SPSC,SPS Commerce Inc,Technology,Software & IT Services,Enterprise Software,United States of America,Mid Cap 2-10B,2010-04-23
698,CSOD,Cornerstone OnDemand Inc,Technology,Software & IT Services,Cloud Computing Services,United States of America,Mid Cap 2-10B,2011-03-17
699,PRO,Pros Holdings Inc,Technology,Software & IT Services,Enterprise Software,United States of America,Small Cap 300M-2B,2007-06-28
700,EGOV,NIC Inc,Technology,Software & IT Services,Online Services (NEC),United States of America,Small Cap 300M-2B,1999-07-15
701,EIGI,Endurance International Group Holdings Inc,Technology,Software & IT Services,IT Services & Consulting (NEC),United States of America,Small Cap 300M-2B,
702,EB,Eventbrite Inc,Technology,Software & IT Services,Online Services (NEC),United States of America,Small Cap 300M-2B,2018-09-20
703,CRTO,Criteo SA,Consumer Cyclicals,Media & Publishing,Advertising & Marketing (NEC),France,Small Cap 300M-2B,2013-10-30
704,CARS,Cars.com Inc,Technology,Software & IT Services,Online Services (NEC),United States of America,Small Cap 300M-2B,2017-05-18
705,BCOV,Brightcove Inc,Technology,Software & IT Services,Online Services (NEC),United States of America,Small Cap 300M-2B,2012-02-17
706,BNFT,Benefitfocus Inc,Technology,Software & IT Services,Enterprise Software,United States of America,Small Cap 300M-2B,2013-09-18
707,EGAN,eGain Corp,Technology,Software & IT Services,Enterprise Software,United States of America,Small Cap 300M-2B,1999-09-23
